This is pdfTeX, Version 3.141592653-2.6-1.40.25 (TeX Live 2023/Debian) (preloaded format=pdflatex 2026.8.9)  9 AUG 2026 16:45
entering extended mode
 restricted \write18 enabled.
 %&-line parsing enabled.
**sicpy.tex
(./sicpy.tex
LaTeX2e <2023-11-01> patch level 1
L3 programming layer <2024-01-22>
(../mitpress/mit.cls

LaTeX Warning: You have requested document class `../mitpress/mit',
               but the document class provides `TimesAPriori_MIT'.

Document Class: TimesAPriori_MIT 2020/07/23 0.1
(/usr/share/texlive/texmf-dist/tex/generic/iftex/ifxetex.sty
Package: ifxetex 2019/10/25 v0.7 ifxetex legacy package. Use iftex instead.

(/usr/share/texlive/texmf-dist/tex/generic/iftex/iftex.sty
Package: iftex 2022/02/03 v1.0f TeX engine tests
))
(/usr/share/texlive/texmf-dist/tex/generic/iftex/ifluatex.sty
Package: ifluatex 2019/10/25 v1.5 ifluatex legacy package. Use iftex instead.
)
(/usr/share/texlive/texmf-dist/tex/latex/base/fontenc.sty
Package: fontenc 2021/04/29 v2.0v Standard LaTeX package
)
(/usr/share/texlive/texmf-dist/tex/latex/psnfss/times.sty
Package: times 2020/03/25 PSNFSS-v9.3 (SPQR) 
)
(/usr/share/texlive/texmf-dist/tex/latex/mathastext/mathastext.sty
Package: mathastext 2023/12/29 v1.3zb Use the text font in math mode (JFB)

Package mathastext Info: Starting the math mode configuration.
\mst@exists@muskip=\muskip16
\mst@forall@muskip=\muskip17
\mst@prime@muskip=\muskip18
\mst@do@nonletters=\toks17
\mst@do@easynonletters=\toks18
\mst@do@az=\toks19
\mst@do@AZ=\toks20
\symmtoperatorfont=\mathgroup4
\symmtletterfont=\mathgroup5
(   mathastext:   ) ! and ?
(   mathastext:   ) punctuation: , . : ; and \colon
LaTeX Info: Redefining \relbar on input line 894.
LaTeX Info: Redefining \rightarrowfill on input line 897.
LaTeX Info: Redefining \leftarrowfill on input line 902.
(   mathastext:   ) + and =
LaTeX Info: Redefining \Relbar on input line 993.
(   mathastext:   ) adding = ; and + to \nfss@catcodes
(   mathastext:   ) parentheses ( ) [ ] and slash /
(   mathastext:   ) alldelims: < > \backslash \setminus | \vert \mid \{ \}
LaTeX Font Info:    Redeclaring math delimiter \backslash on input line 1039.
LaTeX Font Info:    Redeclaring math symbol \setminus on input line 1051.
LaTeX Info: Redefining \models on input line 1060.
(   mathastext:   ) \# \mathdollar \% \& 
(   mathastext:   ) \imath and \jmath 
LaTeX Font Info:    Overwriting math alphabet `\Mathnormalbold' in version `nor
mal'
(Font)                  T1/ptm/b/it --> T1/ptm/b/it on input line 2516.
LaTeX Font Info:    Overwriting math alphabet `\Mathnormalbold' in version `bol
d'
(Font)                  T1/ptm/b/it --> T1/ptm/b/it on input line 2516.
LaTeX Font Info:    Overwriting symbol font `mtletterfont' in version `normal'
(Font)                  T1/ptm/m/it --> T1/ptm/m/it on input line 2516.
LaTeX Font Info:    Overwriting symbol font `mtletterfont' in version `bold'
(Font)                  T1/ptm/m/it --> T1/ptm/b/it on input line 2516.
LaTeX Font Info:    Overwriting symbol font `mtoperatorfont' in version `normal
'
(Font)                  T1/ptm/m/n --> T1/ptm/m/n on input line 2516.
LaTeX Font Info:    Overwriting symbol font `mtoperatorfont' in version `bold'
(Font)                  T1/ptm/m/n --> T1/ptm/b/n on input line 2516.
LaTeX Font Info:    Overwriting math alphabet `\Mathbf' in version `normal'
(Font)                  T1/ptm/b/n --> T1/ptm/b/n on input line 2516.
LaTeX Font Info:    Overwriting math alphabet `\Mathbf' in version `bold'
(Font)                  T1/ptm/b/n --> T1/ptm/b/n on input line 2516.
LaTeX Font Info:    Overwriting math alphabet `\Mathit' in version `normal'
(Font)                  T1/ptm/m/it --> T1/ptm/m/it on input line 2516.
LaTeX Font Info:    Overwriting math alphabet `\Mathit' in version `bold'
(Font)                  T1/ptm/m/it --> T1/ptm/b/it on input line 2516.
LaTeX Font Info:    Overwriting math alphabet `\Mathsf' in version `normal'
(Font)                  T1/phv/m/n --> T1/phv/m/n on input line 2516.
LaTeX Font Info:    Overwriting math alphabet `\Mathsf' in version `bold'
(Font)                  T1/phv/m/n --> T1/phv/b/n on input line 2516.
LaTeX Font Info:    Overwriting math alphabet `\Mathtt' in version `normal'
(Font)                  T1/pcr/m/n --> T1/pcr/m/n on input line 2516.
LaTeX Font Info:    Overwriting math alphabet `\Mathtt' in version `bold'
(Font)                  T1/pcr/m/n --> T1/pcr/b/n on input line 2516.
(   mathastext:   ) Latin letters in the `normal', resp. `bold',
(   mathastext:   ) math versions are now set up to use the fonts
(   mathastext:   ) T1/ptm/m/it, resp. T1/ptm/b/it.
(   mathastext:   ) Other characters (digits, ...) and \log-like names will be
(   mathastext:   ) typeset with the n shape.
(   mathastext:   ) \hbar
(   mathastext:   ) minus as endash
(   mathastext:   ) The italic option is in effect.

Package mathastext Info: Loading is complete.  You can now use \Mathastext to
(mathastext)             modify the normal and bold math versions.  Use it
(mathastext)             with optional argument or use \MTDeclareVersion to
(mathastext)             declare additional math versions.
) (./crop.sty
Package: crop 2017/11/19 1.10 crop marks (mf)
\CROP@index=\count187
(/usr/share/texlive/texmf-dist/tex/latex/graphics/color.sty
Package: color 2022/01/06 v1.3d Standard LaTeX Color (DPC)

(/usr/share/texlive/texmf-dist/tex/latex/graphics-cfg/color.cfg
File: color.cfg 2016/01/02 v1.6 sample color configuration
)
Package color Info: Driver file: pdftex.def on input line 149.

(/usr/share/texlive/texmf-dist/tex/latex/graphics-def/pdftex.def
File: pdftex.def 2022/09/22 v1.2b Graphics/color driver for pdftex
)
(/usr/share/texlive/texmf-dist/tex/latex/graphics/mathcolor.ltx))
(/usr/share/texlive/texmf-dist/tex/latex/graphics/graphics.sty
Package: graphics 2022/03/10 v1.4e Standard LaTeX Graphics (DPC,SPQR)

(/usr/share/texlive/texmf-dist/tex/latex/graphics/trig.sty
Package: trig 2021/08/11 v1.11 sin cos tan (DPC)
)
(/usr/share/texlive/texmf-dist/tex/latex/graphics-cfg/graphics.cfg
File: graphics.cfg 2016/06/04 v1.11 sample graphics configuration
)
Package graphics Info: Driver file: pdftex.def on input line 107.
)
\CROP@offset=\count188
)
(/usr/share/texlive/texmf-dist/tex/latex/graphics/graphicx.sty
Package: graphicx 2021/09/16 v1.2d Enhanced LaTeX Graphics (DPC,SPQR)

(/usr/share/texlive/texmf-dist/tex/latex/graphics/keyval.sty
Package: keyval 2022/05/29 v1.15 key=value parser (DPC)
\KV@toks@=\toks21
)
\Gin@req@height=\dimen140
\Gin@req@width=\dimen141
)
(/usr/share/texlive/texmf-dist/tex/latex/amscls/amsthm.sty
Package: amsthm 2020/05/29 v2.20.6
\thm@style=\toks22
\thm@bodyfont=\toks23
\thm@headfont=\toks24
\thm@notefont=\toks25
\thm@headpunct=\toks26
\thm@preskip=\skip48
\thm@postskip=\skip49
\thm@headsep=\skip50
\dth@everypar=\toks27
)
(/usr/share/texlive/texmf-dist/tex/latex/amsfonts/amsfonts.sty
Package: amsfonts 2013/01/14 v3.01 Basic AMSFonts support
\@emptytoks=\toks28
\symAMSa=\mathgroup6
\symAMSb=\mathgroup7
LaTeX Font Info:    Redeclaring math symbol \hbar on input line 98.
LaTeX Font Info:    Overwriting math alphabet `\mathfrak' in version `bold'
(Font)                  U/euf/m/n --> U/euf/b/n on input line 106.
)
(/usr/share/texlive/texmf-dist/tex/latex/base/makeidx.sty
Package: makeidx 2021/10/04 v1.0m Standard LaTeX package
)
(/usr/share/texlive/texmf-dist/tex/latex/tools/array.sty
Package: array 2023/10/16 v2.5g Tabular extension package (FMi)
\col@sep=\dimen142
\ar@mcellbox=\box51
\extrarowheight=\dimen143
\NC@list=\toks29
\extratabsurround=\skip51
\backup@length=\skip52
\ar@cellbox=\box52
)
(/usr/share/texlive/texmf-dist/tex/latex/sttools/floatpag.sty
Package: floatpag 2021/10/04 v2.0 Different pagestyles on float pages
)
(/usr/share/texlive/texmf-dist/tex/latex/framed/framed.sty
Package: framed 2011/10/22 v 0.96: framed or shaded text with page breaks
\OuterFrameSep=\skip53
\fb@frw=\dimen144
\fb@frh=\dimen145
\FrameRule=\dimen146
\FrameSep=\dimen147
)
(/usr/share/texlive/texmf-dist/tex/latex/sttools/stfloats.sty
Package: stfloats 2017/03/27 v3.3 Improve float mechanism and baselineskip sett
ings
\@dblbotnum=\count189
\c@dblbotnumber=\count190
)
(/usr/share/texlive/texmf-dist/tex/latex/psnfss/courier.sty
Package: courier 2020/03/25 PSNFSS-v9.3 (WaS) 
)
(/usr/share/texlive/texmf-dist/tex/latex/graphics/rotating.sty
Package: rotating 2016/08/11 v2.16d rotated objects in LaTeX

(/usr/share/texlive/texmf-dist/tex/latex/base/ifthen.sty
Package: ifthen 2022/04/13 v1.1d Standard LaTeX ifthen package (DPC)
)
\c@r@tfl@t=\count191
\rotFPtop=\skip54
\rotFPbot=\skip55
\rot@float@box=\box53
\rot@mess@toks=\toks30
)
(/usr/share/texlive/texmf-dist/tex/latex/adjustbox/adjustbox.sty
Package: adjustbox 2022/10/17 v1.3a Adjusting TeX boxes (trim, clip, ...)

(/usr/share/texlive/texmf-dist/tex/latex/xkeyval/xkeyval.sty
Package: xkeyval 2022/06/16 v2.9 package option processing (HA)

(/usr/share/texlive/texmf-dist/tex/generic/xkeyval/xkeyval.tex
(/usr/share/texlive/texmf-dist/tex/generic/xkeyval/xkvutils.tex
\XKV@toks=\toks31
\XKV@tempa@toks=\toks32
)
\XKV@depth=\count192
File: xkeyval.tex 2014/12/03 v2.7a key=value parser (HA)
))
(/usr/share/texlive/texmf-dist/tex/latex/adjustbox/adjcalc.sty
Package: adjcalc 2012/05/16 v1.1 Provides advanced setlength with multiple back
-ends (calc, etex, pgfmath)
)
(/usr/share/texlive/texmf-dist/tex/latex/adjustbox/trimclip.sty
Package: trimclip 2020/08/19 v1.2 Trim and clip general TeX material

(/usr/share/texlive/texmf-dist/tex/latex/collectbox/collectbox.sty
Package: collectbox 2022/10/17 v0.4c Collect macro arguments as boxes
\collectedbox=\box54
)
\tc@llx=\dimen148
\tc@lly=\dimen149
\tc@urx=\dimen150
\tc@ury=\dimen151
Package trimclip Info: Using driver 'tc-pdftex.def'.

(/usr/share/texlive/texmf-dist/tex/latex/adjustbox/tc-pdftex.def
File: tc-pdftex.def 2019/01/04 v2.2 Clipping driver for pdftex
))
\adjbox@Width=\dimen152
\adjbox@Height=\dimen153
\adjbox@Depth=\dimen154
\adjbox@Totalheight=\dimen155
\adjbox@pwidth=\dimen156
\adjbox@pheight=\dimen157
\adjbox@pdepth=\dimen158
\adjbox@ptotalheight=\dimen159

(/usr/share/texlive/texmf-dist/tex/latex/ifoddpage/ifoddpage.sty
Package: ifoddpage 2022/10/18 v1.2 Conditionals for odd/even page detection
\c@checkoddpage=\count193
)
(/usr/share/texlive/texmf-dist/tex/latex/varwidth/varwidth.sty
Package: varwidth 2009/03/30 ver 0.92;  Variable-width minipages
\@vwid@box=\box55
\sift@deathcycles=\count194
\@vwid@loff=\dimen160
\@vwid@roff=\dimen161
))
(/usr/share/texlive/texmf-dist/tex/latex/pgf/frontendlayer/tikz.sty
(/usr/share/texlive/texmf-dist/tex/latex/pgf/basiclayer/pgf.sty
(/usr/share/texlive/texmf-dist/tex/latex/pgf/utilities/pgfrcs.sty
(/usr/share/texlive/texmf-dist/tex/generic/pgf/utilities/pgfutil-common.tex
\pgfutil@everybye=\toks33
\pgfutil@tempdima=\dimen162
\pgfutil@tempdimb=\dimen163
)
(/usr/share/texlive/texmf-dist/tex/generic/pgf/utilities/pgfutil-latex.def
\pgfutil@abb=\box56
)
(/usr/share/texlive/texmf-dist/tex/generic/pgf/utilities/pgfrcs.code.tex
(/usr/share/texlive/texmf-dist/tex/generic/pgf/pgf.revision.tex)
Package: pgfrcs 2023-01-15 v3.1.10 (3.1.10)
))
Package: pgf 2023-01-15 v3.1.10 (3.1.10)

(/usr/share/texlive/texmf-dist/tex/latex/pgf/basiclayer/pgfcore.sty
(/usr/share/texlive/texmf-dist/tex/latex/pgf/systemlayer/pgfsys.sty
(/usr/share/texlive/texmf-dist/tex/generic/pgf/systemlayer/pgfsys.code.tex
Package: pgfsys 2023-01-15 v3.1.10 (3.1.10)

(/usr/share/texlive/texmf-dist/tex/generic/pgf/utilities/pgfkeys.code.tex
\pgfkeys@pathtoks=\toks34
\pgfkeys@temptoks=\toks35

(/usr/share/texlive/texmf-dist/tex/generic/pgf/utilities/pgfkeyslibraryfiltered
.code.tex
\pgfkeys@tmptoks=\toks36
))
\pgf@x=\dimen164
\pgf@y=\dimen165
\pgf@xa=\dimen166
\pgf@ya=\dimen167
\pgf@xb=\dimen168
\pgf@yb=\dimen169
\pgf@xc=\dimen170
\pgf@yc=\dimen171
\pgf@xd=\dimen172
\pgf@yd=\dimen173
\w@pgf@writea=\write3
\r@pgf@reada=\read2
\c@pgf@counta=\count195
\c@pgf@countb=\count196
\c@pgf@countc=\count197
\c@pgf@countd=\count198
\t@pgf@toka=\toks37
\t@pgf@tokb=\toks38
\t@pgf@tokc=\toks39
\pgf@sys@id@count=\count199
 (/usr/share/texlive/texmf-dist/tex/generic/pgf/systemlayer/pgf.cfg
File: pgf.cfg 2023-01-15 v3.1.10 (3.1.10)
)
Driver file for pgf: pgfsys-pdftex.def
(/usr/share/texlive/texmf-dist/tex/generic/pgf/systemlayer/pgfsys-pdftex.def
File: pgfsys-pdftex.def 2023-01-15 v3.1.10 (3.1.10)

(/usr/share/texlive/texmf-dist/tex/generic/pgf/systemlayer/pgfsys-common-pdf.de
f
File: pgfsys-common-pdf.def 2023-01-15 v3.1.10 (3.1.10)
)))
(/usr/share/texlive/texmf-dist/tex/generic/pgf/systemlayer/pgfsyssoftpath.code.
tex
File: pgfsyssoftpath.code.tex 2023-01-15 v3.1.10 (3.1.10)
\pgfsyssoftpath@smallbuffer@items=\count266
\pgfsyssoftpath@bigbuffer@items=\count267
)
(/usr/share/texlive/texmf-dist/tex/generic/pgf/systemlayer/pgfsysprotocol.code.
tex
File: pgfsysprotocol.code.tex 2023-01-15 v3.1.10 (3.1.10)
)) (/usr/share/texlive/texmf-dist/tex/latex/xcolor/xcolor.sty
Package: xcolor 2023/11/15 v3.01 LaTeX color extensions (UK)

(/usr/share/texlive/texmf-dist/tex/latex/graphics-cfg/color.cfg
File: color.cfg 2016/01/02 v1.6 sample color configuration
)
Package xcolor Info: Driver file: pdftex.def on input line 274.
LaTeX Info: Redefining \color on input line 758.

(/usr/share/texlive/texmf-dist/tex/latex/graphics/mathcolor.ltx)
Package xcolor Info: Model `cmy' substituted by `cmy0' on input line 1350.
Package xcolor Info: Model `hsb' substituted by `rgb' on input line 1354.
Package xcolor Info: Model `RGB' extended on input line 1366.
Package xcolor Info: Model `HTML' substituted by `rgb' on input line 1368.
Package xcolor Info: Model `Hsb' substituted by `hsb' on input line 1369.
Package xcolor Info: Model `tHsb' substituted by `hsb' on input line 1370.
Package xcolor Info: Model `HSB' substituted by `hsb' on input line 1371.
Package xcolor Info: Model `Gray' substituted by `gray' on input line 1372.
Package xcolor Info: Model `wave' substituted by `hsb' on input line 1373.
)
(/usr/share/texlive/texmf-dist/tex/generic/pgf/basiclayer/pgfcore.code.tex
Package: pgfcore 2023-01-15 v3.1.10 (3.1.10)

(/usr/share/texlive/texmf-dist/tex/generic/pgf/math/pgfmath.code.tex
(/usr/share/texlive/texmf-dist/tex/generic/pgf/math/pgfmathutil.code.tex)
(/usr/share/texlive/texmf-dist/tex/generic/pgf/math/pgfmathparser.code.tex
\pgfmath@dimen=\dimen174
\pgfmath@count=\count268
\pgfmath@box=\box57
\pgfmath@toks=\toks40
\pgfmath@stack@operand=\toks41
\pgfmath@stack@operation=\toks42
)
(/usr/share/texlive/texmf-dist/tex/generic/pgf/math/pgfmathfunctions.code.tex)
(/usr/share/texlive/texmf-dist/tex/generic/pgf/math/pgfmathfunctions.basic.code
.tex)
(/usr/share/texlive/texmf-dist/tex/generic/pgf/math/pgfmathfunctions.trigonomet
ric.code.tex)
(/usr/share/texlive/texmf-dist/tex/generic/pgf/math/pgfmathfunctions.random.cod
e.tex)
(/usr/share/texlive/texmf-dist/tex/generic/pgf/math/pgfmathfunctions.comparison
.code.tex)
(/usr/share/texlive/texmf-dist/tex/generic/pgf/math/pgfmathfunctions.base.code.
tex)
(/usr/share/texlive/texmf-dist/tex/generic/pgf/math/pgfmathfunctions.round.code
.tex)
(/usr/share/texlive/texmf-dist/tex/generic/pgf/math/pgfmathfunctions.misc.code.
tex)
(/usr/share/texlive/texmf-dist/tex/generic/pgf/math/pgfmathfunctions.integerari
thmetics.code.tex)
(/usr/share/texlive/texmf-dist/tex/generic/pgf/math/pgfmathcalc.code.tex)
(/usr/share/texlive/texmf-dist/tex/generic/pgf/math/pgfmathfloat.code.tex
\c@pgfmathroundto@lastzeros=\count269
))
(/usr/share/texlive/texmf-dist/tex/generic/pgf/math/pgfint.code.tex)
(/usr/share/texlive/texmf-dist/tex/generic/pgf/basiclayer/pgfcorepoints.code.te
x
File: pgfcorepoints.code.tex 2023-01-15 v3.1.10 (3.1.10)
\pgf@picminx=\dimen175
\pgf@picmaxx=\dimen176
\pgf@picminy=\dimen177
\pgf@picmaxy=\dimen178
\pgf@pathminx=\dimen179
\pgf@pathmaxx=\dimen180
\pgf@pathminy=\dimen181
\pgf@pathmaxy=\dimen182
\pgf@xx=\dimen183
\pgf@xy=\dimen184
\pgf@yx=\dimen185
\pgf@yy=\dimen186
\pgf@zx=\dimen187
\pgf@zy=\dimen188
)
(/usr/share/texlive/texmf-dist/tex/generic/pgf/basiclayer/pgfcorepathconstruct.
code.tex
File: pgfcorepathconstruct.code.tex 2023-01-15 v3.1.10 (3.1.10)
\pgf@path@lastx=\dimen189
\pgf@path@lasty=\dimen190
)
(/usr/share/texlive/texmf-dist/tex/generic/pgf/basiclayer/pgfcorepathusage.code
.tex
File: pgfcorepathusage.code.tex 2023-01-15 v3.1.10 (3.1.10)
\pgf@shorten@end@additional=\dimen191
\pgf@shorten@start@additional=\dimen192
)
(/usr/share/texlive/texmf-dist/tex/generic/pgf/basiclayer/pgfcorescopes.code.te
x
File: pgfcorescopes.code.tex 2023-01-15 v3.1.10 (3.1.10)
\pgfpic=\box58
\pgf@hbox=\box59
\pgf@layerbox@main=\box60
\pgf@picture@serial@count=\count270
)
(/usr/share/texlive/texmf-dist/tex/generic/pgf/basiclayer/pgfcoregraphicstate.c
ode.tex
File: pgfcoregraphicstate.code.tex 2023-01-15 v3.1.10 (3.1.10)
\pgflinewidth=\dimen193
)
(/usr/share/texlive/texmf-dist/tex/generic/pgf/basiclayer/pgfcoretransformation
s.code.tex
File: pgfcoretransformations.code.tex 2023-01-15 v3.1.10 (3.1.10)
\pgf@pt@x=\dimen194
\pgf@pt@y=\dimen195
\pgf@pt@temp=\dimen196
)
(/usr/share/texlive/texmf-dist/tex/generic/pgf/basiclayer/pgfcorequick.code.tex
File: pgfcorequick.code.tex 2023-01-15 v3.1.10 (3.1.10)
)
(/usr/share/texlive/texmf-dist/tex/generic/pgf/basiclayer/pgfcoreobjects.code.t
ex
File: pgfcoreobjects.code.tex 2023-01-15 v3.1.10 (3.1.10)
)
(/usr/share/texlive/texmf-dist/tex/generic/pgf/basiclayer/pgfcorepathprocessing
.code.tex
File: pgfcorepathprocessing.code.tex 2023-01-15 v3.1.10 (3.1.10)
)
(/usr/share/texlive/texmf-dist/tex/generic/pgf/basiclayer/pgfcorearrows.code.te
x
File: pgfcorearrows.code.tex 2023-01-15 v3.1.10 (3.1.10)
\pgfarrowsep=\dimen197
)
(/usr/share/texlive/texmf-dist/tex/generic/pgf/basiclayer/pgfcoreshade.code.tex
File: pgfcoreshade.code.tex 2023-01-15 v3.1.10 (3.1.10)
\pgf@max=\dimen198
\pgf@sys@shading@range@num=\count271
\pgf@shadingcount=\count272
)
(/usr/share/texlive/texmf-dist/tex/generic/pgf/basiclayer/pgfcoreimage.code.tex
File: pgfcoreimage.code.tex 2023-01-15 v3.1.10 (3.1.10)
)
(/usr/share/texlive/texmf-dist/tex/generic/pgf/basiclayer/pgfcoreexternal.code.
tex
File: pgfcoreexternal.code.tex 2023-01-15 v3.1.10 (3.1.10)
\pgfexternal@startupbox=\box61
)
(/usr/share/texlive/texmf-dist/tex/generic/pgf/basiclayer/pgfcorelayers.code.te
x
File: pgfcorelayers.code.tex 2023-01-15 v3.1.10 (3.1.10)
)
(/usr/share/texlive/texmf-dist/tex/generic/pgf/basiclayer/pgfcoretransparency.c
ode.tex
File: pgfcoretransparency.code.tex 2023-01-15 v3.1.10 (3.1.10)
)
(/usr/share/texlive/texmf-dist/tex/generic/pgf/basiclayer/pgfcorepatterns.code.
tex
File: pgfcorepatterns.code.tex 2023-01-15 v3.1.10 (3.1.10)
)
(/usr/share/texlive/texmf-dist/tex/generic/pgf/basiclayer/pgfcorerdf.code.tex
File: pgfcorerdf.code.tex 2023-01-15 v3.1.10 (3.1.10)
)))
(/usr/share/texlive/texmf-dist/tex/generic/pgf/modules/pgfmoduleshapes.code.tex
File: pgfmoduleshapes.code.tex 2023-01-15 v3.1.10 (3.1.10)
\pgfnodeparttextbox=\box62
) (/usr/share/texlive/texmf-dist/tex/generic/pgf/modules/pgfmoduleplot.code.tex
File: pgfmoduleplot.code.tex 2023-01-15 v3.1.10 (3.1.10)
)
(/usr/share/texlive/texmf-dist/tex/latex/pgf/compatibility/pgfcomp-version-0-65
.sty
Package: pgfcomp-version-0-65 2023-01-15 v3.1.10 (3.1.10)
\pgf@nodesepstart=\dimen199
\pgf@nodesepend=\dimen256
)
(/usr/share/texlive/texmf-dist/tex/latex/pgf/compatibility/pgfcomp-version-1-18
.sty
Package: pgfcomp-version-1-18 2023-01-15 v3.1.10 (3.1.10)
)) (/usr/share/texlive/texmf-dist/tex/latex/pgf/utilities/pgffor.sty
(/usr/share/texlive/texmf-dist/tex/latex/pgf/utilities/pgfkeys.sty
(/usr/share/texlive/texmf-dist/tex/generic/pgf/utilities/pgfkeys.code.tex))
(/usr/share/texlive/texmf-dist/tex/latex/pgf/math/pgfmath.sty
(/usr/share/texlive/texmf-dist/tex/generic/pgf/math/pgfmath.code.tex))
(/usr/share/texlive/texmf-dist/tex/generic/pgf/utilities/pgffor.code.tex
Package: pgffor 2023-01-15 v3.1.10 (3.1.10)
\pgffor@iter=\dimen257
\pgffor@skip=\dimen258
\pgffor@stack=\toks43
\pgffor@toks=\toks44
))
(/usr/share/texlive/texmf-dist/tex/generic/pgf/frontendlayer/tikz/tikz.code.tex
Package: tikz 2023-01-15 v3.1.10 (3.1.10)

(/usr/share/texlive/texmf-dist/tex/generic/pgf/libraries/pgflibraryplothandlers
.code.tex
File: pgflibraryplothandlers.code.tex 2023-01-15 v3.1.10 (3.1.10)
\pgf@plot@mark@count=\count273
\pgfplotmarksize=\dimen259
)
\tikz@lastx=\dimen260
\tikz@lasty=\dimen261
\tikz@lastxsaved=\dimen262
\tikz@lastysaved=\dimen263
\tikz@lastmovetox=\dimen264
\tikz@lastmovetoy=\dimen265
\tikzleveldistance=\dimen266
\tikzsiblingdistance=\dimen267
\tikz@figbox=\box63
\tikz@figbox@bg=\box64
\tikz@tempbox=\box65
\tikz@tempbox@bg=\box66
\tikztreelevel=\count274
\tikznumberofchildren=\count275
\tikznumberofcurrentchild=\count276
\tikz@fig@count=\count277

(/usr/share/texlive/texmf-dist/tex/generic/pgf/modules/pgfmodulematrix.code.tex
File: pgfmodulematrix.code.tex 2023-01-15 v3.1.10 (3.1.10)
\pgfmatrixcurrentrow=\count278
\pgfmatrixcurrentcolumn=\count279
\pgf@matrix@numberofcolumns=\count280
)
\tikz@expandcount=\count281

(/usr/share/texlive/texmf-dist/tex/generic/pgf/frontendlayer/tikz/libraries/tik
zlibrarytopaths.code.tex
File: tikzlibrarytopaths.code.tex 2023-01-15 v3.1.10 (3.1.10)
)))
\c@part=\count282
\c@chapter=\count283
\c@section=\count284
\c@subsection=\count285
\c@subsubsection=\count286
\c@paragraph=\count287
\c@subparagraph=\count288
\c@figure=\count289
\c@table=\count290
\bsecdimen=\dimen268
\asecdimen=\dimen269
\bsubsecdimen=\dimen270
\asubsecdimen=\dimen271
\abovecaptionskip=\skip56
\belowcaptionskip=\skip57

(/usr/share/texlive/texmf-dist/tex/latex/threeparttable/threeparttable.sty
Package: threeparttable 2003/06/13  v 3.0
\@tempboxb=\box67
)
(/usr/share/texlive/texmf-dist/tex/latex/booktabs/booktabs.sty
Package: booktabs 2020/01/12 v1.61803398 Publication quality tables
\heavyrulewidth=\dimen272
\lightrulewidth=\dimen273
\cmidrulewidth=\dimen274
\belowrulesep=\dimen275
\belowbottomsep=\dimen276
\aboverulesep=\dimen277
\abovetopsep=\dimen278
\cmidrulesep=\dimen279
\cmidrulekern=\dimen280
\defaultaddspace=\dimen281
\@cmidla=\count291
\@cmidlb=\count292
\@aboverulesep=\dimen282
\@belowrulesep=\dimen283
\@thisruleclass=\count293
\@lastruleclass=\count294
\@thisrulewidth=\dimen284
)
\rotdimen=\dimen285
\tempdime=\dimen286
\temptbox=\box68
\c@boxtextnum=\count295

(/usr/share/texlive/texmf-dist/tex/latex/tools/multicol.sty
Package: multicol 2023/03/30 v1.9f multicolumn formatting (FMi)
\c@tracingmulticols=\count296
\mult@box=\box69
\multicol@leftmargin=\dimen287
\c@unbalance=\count297
\c@collectmore=\count298
\doublecol@number=\count299
\multicoltolerance=\count300
\multicolpretolerance=\count301
\full@width=\dimen288
\page@free=\dimen289
\premulticols=\dimen290
\postmulticols=\dimen291
\multicolsep=\skip58
\multicolbaselineskip=\skip59
\partial@page=\box70
\last@line=\box71
\mc@boxedresult=\box72
\maxbalancingoverflow=\dimen292
\mult@rightbox=\box73
\mult@grightbox=\box74
\mult@firstbox=\box75
\mult@gfirstbox=\box76
\@tempa=\box77
\@tempa=\box78
\@tempa=\box79
\@tempa=\box80
\@tempa=\box81
\@tempa=\box82
\@tempa=\box83
\@tempa=\box84
\@tempa=\box85
\@tempa=\box86
\@tempa=\box87
\@tempa=\box88
\@tempa=\box89
\@tempa=\box90
\@tempa=\box91
\@tempa=\box92
\@tempa=\box93
\@tempa=\box94
\@tempa=\box95
\@tempa=\box96
\@tempa=\box97
\@tempa=\box98
\@tempa=\box99
\@tempa=\box100
\@tempa=\box101
\@tempa=\box102
\@tempa=\box103
\@tempa=\box104
\@tempa=\box105
\@tempa=\box106
\@tempa=\box107
\@tempa=\box108
\@tempa=\box109
\@tempa=\box110
\@tempa=\box111
\@tempa=\box112
\c@minrows=\count302
\c@columnbadness=\count303
\c@finalcolumnbadness=\count304
\last@try=\dimen293
\multicolovershoot=\dimen294
\multicolundershoot=\dimen295
\mult@nat@firstbox=\box113
\colbreak@box=\box114
\mc@col@check@num=\count305
)
(/usr/share/texlive/texmf-dist/tex/latex/footmisc/footmisc.sty
Package: footmisc 2023/07/05 v6.0f a miscellany of footnote facilities
\FN@temptoken=\toks45
\footnotemargin=\dimen296
\@outputbox@depth=\dimen297
Package footmisc Info: Declaring symbol style bringhurst on input line 696.
Package footmisc Info: Declaring symbol style chicago on input line 704.
Package footmisc Info: Declaring symbol style wiley on input line 713.
Package footmisc Info: Declaring symbol style lamport-robust on input line 724.

Package footmisc Info: Declaring symbol style lamport* on input line 744.
Package footmisc Info: Declaring symbol style lamport*-robust on input line 765
.
)
\notenum=\count306
\endnotenum=\count307
\c@appcounter=\count308
\c@theorem=\count309
\c@corollary=\count310
\c@example=\count311
\c@lemma=\count312
\c@definition=\count313
\c@proposition=\count314
\c@assumption=\count315
\c@remark=\count316
\@indexfile=\write4
\openout4 = `sicpy.idx'.


Writing index file sicpy.idx
(/usr/share/texlive/texmf-dist/tex/latex/hyperref/hyperref.sty
Package: hyperref 2024-01-20 v7.01h Hypertext links for LaTeX

(/usr/share/texlive/texmf-dist/tex/latex/kvsetkeys/kvsetkeys.sty
Package: kvsetkeys 2022-10-05 v1.19 Key value parser (HO)
)
(/usr/share/texlive/texmf-dist/tex/generic/kvdefinekeys/kvdefinekeys.sty
Package: kvdefinekeys 2019-12-19 v1.6 Define keys (HO)
)
(/usr/share/texlive/texmf-dist/tex/generic/pdfescape/pdfescape.sty
Package: pdfescape 2019/12/09 v1.15 Implements pdfTeX's escape features (HO)

(/usr/share/texlive/texmf-dist/tex/generic/ltxcmds/ltxcmds.sty
Package: ltxcmds 2023-12-04 v1.26 LaTeX kernel commands for general use (HO)
)
(/usr/share/texlive/texmf-dist/tex/generic/pdftexcmds/pdftexcmds.sty
Package: pdftexcmds 2020-06-27 v0.33 Utility functions of pdfTeX for LuaTeX (HO
)

(/usr/share/texlive/texmf-dist/tex/generic/infwarerr/infwarerr.sty
Package: infwarerr 2019/12/03 v1.5 Providing info/warning/error messages (HO)
)
Package pdftexcmds Info: \pdf@primitive is available.
Package pdftexcmds Info: \pdf@ifprimitive is available.
Package pdftexcmds Info: \pdfdraftmode found.
))
(/usr/share/texlive/texmf-dist/tex/latex/hycolor/hycolor.sty
Package: hycolor 2020-01-27 v1.10 Color options for hyperref/bookmark (HO)
)
(/usr/share/texlive/texmf-dist/tex/latex/auxhook/auxhook.sty
Package: auxhook 2019-12-17 v1.6 Hooks for auxiliary files (HO)
)
(/usr/share/texlive/texmf-dist/tex/latex/hyperref/nameref.sty
Package: nameref 2023-11-26 v2.56 Cross-referencing by name of section

(/usr/share/texlive/texmf-dist/tex/latex/refcount/refcount.sty
Package: refcount 2019/12/15 v3.6 Data extraction from label references (HO)
)
(/usr/share/texlive/texmf-dist/tex/generic/gettitlestring/gettitlestring.sty
Package: gettitlestring 2019/12/15 v1.6 Cleanup title references (HO)

(/usr/share/texlive/texmf-dist/tex/latex/kvoptions/kvoptions.sty
Package: kvoptions 2022-06-15 v3.15 Key value format for package options (HO)
))
\c@section@level=\count317
)
(/usr/share/texlive/texmf-dist/tex/latex/etoolbox/etoolbox.sty
Package: etoolbox 2020/10/05 v2.5k e-TeX tools for LaTeX (JAW)
\etb@tempcnta=\count318
)
\@linkdim=\dimen298
\Hy@linkcounter=\count319
\Hy@pagecounter=\count320

(/usr/share/texlive/texmf-dist/tex/latex/hyperref/pd1enc.def
File: pd1enc.def 2024-01-20 v7.01h Hyperref: PDFDocEncoding definition (HO)
Now handling font encoding PD1 ...
... no UTF-8 mapping file for font encoding PD1
)
(/usr/share/texlive/texmf-dist/tex/generic/intcalc/intcalc.sty
Package: intcalc 2019/12/15 v1.3 Expandable calculations with integers (HO)
)
\Hy@SavedSpaceFactor=\count321

(/usr/share/texlive/texmf-dist/tex/latex/hyperref/puenc.def
File: puenc.def 2024-01-20 v7.01h Hyperref: PDF Unicode definition (HO)
Now handling font encoding PU ...
... no UTF-8 mapping file for font encoding PU
)
Package hyperref Info: Option `bookmarks' set `true' on input line 4062.
Package hyperref Info: Option `bookmarksnumbered' set `true' on input line 4062
.
Package hyperref Info: Option `colorlinks' set `true' on input line 4062.
Package hyperref Info: Option `breaklinks' set `true' on input line 4062.
Package hyperref Info: Hyper figures OFF on input line 4179.
Package hyperref Info: Link nesting OFF on input line 4184.
Package hyperref Info: Hyper index ON on input line 4187.
Package hyperref Info: Plain pages OFF on input line 4194.
Package hyperref Info: Backreferencing OFF on input line 4199.
Package hyperref Info: Implicit mode ON; LaTeX internals redefined.
Package hyperref Info: Bookmarks ON on input line 4446.
\c@Hy@tempcnt=\count322

(/usr/share/texlive/texmf-dist/tex/latex/url/url.sty
\Urlmuskip=\muskip19
Package: url 2013/09/16  ver 3.4  Verb mode for urls, etc.
)
LaTeX Info: Redefining \url on input line 4784.
\XeTeXLinkMargin=\dimen299

(/usr/share/texlive/texmf-dist/tex/generic/bitset/bitset.sty
Package: bitset 2019/12/09 v1.3 Handle bit-vector datatype (HO)

(/usr/share/texlive/texmf-dist/tex/generic/bigintcalc/bigintcalc.sty
Package: bigintcalc 2019/12/15 v1.5 Expandable calculations on big integers (HO
)
))
\Fld@menulength=\count323
\Field@Width=\dimen300
\Fld@charsize=\dimen301
Package hyperref Info: Hyper figures OFF on input line 6063.
Package hyperref Info: Link nesting OFF on input line 6068.
Package hyperref Info: Hyper index ON on input line 6071.
Package hyperref Info: backreferencing OFF on input line 6078.
Package hyperref Info: Link coloring ON on input line 6081.
Package hyperref Info: Link coloring with OCG OFF on input line 6088.
Package hyperref Info: PDF/A mode OFF on input line 6093.

(/usr/share/texlive/texmf-dist/tex/latex/base/atbegshi-ltx.sty
Package: atbegshi-ltx 2021/01/10 v1.0c Emulation of the original atbegshi
package with kernel methods
)
\Hy@abspage=\count324
\c@Item=\count325
\c@Hfootnote=\count326
)
Package hyperref Info: Driver (autodetected): hpdftex.

(/usr/share/texlive/texmf-dist/tex/latex/hyperref/hpdftex.def
File: hpdftex.def 2024-01-20 v7.01h Hyperref driver for pdfTeX

(/usr/share/texlive/texmf-dist/tex/latex/base/atveryend-ltx.sty
Package: atveryend-ltx 2020/08/19 v1.0a Emulation of the original atveryend pac
kage
with kernel methods
)
\Fld@listcount=\count327
\c@bookmark@seq@number=\count328

(/usr/share/texlive/texmf-dist/tex/latex/rerunfilecheck/rerunfilecheck.sty
Package: rerunfilecheck 2022-07-10 v1.10 Rerun checks for auxiliary files (HO)

(/usr/share/texlive/texmf-dist/tex/generic/uniquecounter/uniquecounter.sty
Package: uniquecounter 2019/12/15 v1.4 Provide unlimited unique counter (HO)
)
Package uniquecounter Info: New unique counter `rerunfilecheck' on input line 2
85.
)
\Hy@SectionHShift=\skip60
)
(/usr/share/texlive/texmf-dist/tex/latex/breakurl/breakurl.sty
Package: breakurl 2013/04/10 v1.40 Breakable hyperref URLs

(/usr/share/texlive/texmf-dist/tex/generic/iftex/ifpdf.sty
Package: ifpdf 2019/10/25 v3.4 ifpdf legacy package. Use iftex instead.
)

Package breakurl Warning: You are using breakurl while processing via pdflatex.

(breakurl)                \burl will be just a synonym of \url.
(breakurl)                 on input line 48.

)
\c@exercise=\count329
\c@subexercise=\count330
\c@subsubexercise=\count331
) (/usr/share/texlive/texmf-dist/tex/latex/caption/caption.sty
Package: caption 2023/08/05 v3.6o Customizing captions (AR)

(/usr/share/texlive/texmf-dist/tex/latex/caption/caption3.sty
Package: caption3 2023/07/31 v2.4d caption3 kernel (AR)
\caption@tempdima=\dimen302
\captionmargin=\dimen303
\caption@leftmargin=\dimen304
\caption@rightmargin=\dimen305
\caption@width=\dimen306
\caption@indent=\dimen307
\caption@parindent=\dimen308
\caption@hangindent=\dimen309
Package caption Info: Unknown document class (or package),
(caption)             standard defaults will be used.
Package caption Info: \@makecaption = \long macro:#1#2->\vspace {\abovecaptions
kip }\fontsize {8\p@ }{9.5\p@ }\selectfont \setbox \@tempboxa =\hbox {#1\ignore
spaces \hspace {1em}\ignorespaces #2}{\sansbold {#1}}\par #2 on input line 1175
.
)

Package caption Warning: Unknown document class (or package),
(caption)                standard defaults will be used.
See the caption package documentation for explanation.

\c@caption@flags=\count332
\c@continuedfloat=\count333
Package caption Info: hyperref package is loaded.
Package caption Info: rotating package is loaded.
Package caption Info: threeparttable package is loaded.
) (/usr/share/texlive/texmf-dist/tex/latex/base/fontenc.sty
Package: fontenc 2021/04/29 v2.0v Standard LaTeX package
LaTeX Font Info:    Trying to load font information for T1+ptm on input line 11
2.

(/usr/share/texlive/texmf-dist/tex/latex/psnfss/t1ptm.fd
File: t1ptm.fd 2001/06/04 font definitions for T1/ptm.
))
(/usr/share/texlive/texmf-dist/tex/latex/base/textcomp.sty
Package: textcomp 2020/02/02 v2.0n Standard LaTeX package
)
(/usr/share/texlive/texmf-dist/tex/latex/base/inputenc.sty
Package: inputenc 2021/02/14 v1.3d Input encoding file
\inpenc@prehook=\toks46
\inpenc@posthook=\toks47
)
(/usr/share/texlive/texmf-dist/tex/latex/psnfss/mathptmx.sty
Package: mathptmx 2020/03/25 PSNFSS-v9.3 Times w/ Math, improved (SPQR, WaS) 
LaTeX Font Info:    Redeclaring symbol font `operators' on input line 28.
LaTeX Font Info:    Overwriting symbol font `operators' in version `normal'
(Font)                  OT1/cmr/m/n --> OT1/ztmcm/m/n on input line 28.
LaTeX Font Info:    Overwriting symbol font `operators' in version `bold'
(Font)                  OT1/cmr/bx/n --> OT1/ztmcm/m/n on input line 28.
LaTeX Font Info:    Redeclaring symbol font `letters' on input line 29.
LaTeX Font Info:    Overwriting symbol font `letters' in version `normal'
(Font)                  OML/cmm/m/it --> OML/ztmcm/m/it on input line 29.
LaTeX Font Info:    Overwriting symbol font `letters' in version `bold'
(Font)                  OML/cmm/b/it --> OML/ztmcm/m/it on input line 29.
LaTeX Font Info:    Redeclaring symbol font `symbols' on input line 30.
LaTeX Font Info:    Overwriting symbol font `symbols' in version `normal'
(Font)                  OMS/cmsy/m/n --> OMS/ztmcm/m/n on input line 30.
LaTeX Font Info:    Overwriting symbol font `symbols' in version `bold'
(Font)                  OMS/cmsy/b/n --> OMS/ztmcm/m/n on input line 30.
LaTeX Font Info:    Redeclaring symbol font `largesymbols' on input line 31.
LaTeX Font Info:    Overwriting symbol font `largesymbols' in version `normal'
(Font)                  OMX/cmex/m/n --> OMX/ztmcm/m/n on input line 31.
LaTeX Font Info:    Overwriting symbol font `largesymbols' in version `bold'
(Font)                  OMX/cmex/m/n --> OMX/ztmcm/m/n on input line 31.
\symbold=\mathgroup8
\symitalic=\mathgroup9
LaTeX Font Info:    Redeclaring math alphabet \mathbf on input line 34.
LaTeX Font Info:    Overwriting math alphabet `\mathbf' in version `normal'
(Font)                  OT1/cmr/bx/n --> OT1/ptm/bx/n on input line 34.
LaTeX Font Info:    Overwriting math alphabet `\mathbf' in version `bold'
(Font)                  OT1/cmr/bx/n --> OT1/ptm/bx/n on input line 34.
LaTeX Font Info:    Redeclaring math alphabet \mathit on input line 35.
LaTeX Font Info:    Overwriting math alphabet `\mathit' in version `normal'
(Font)                  OT1/cmr/m/it --> OT1/ptm/m/it on input line 35.
LaTeX Font Info:    Overwriting math alphabet `\mathit' in version `bold'
(Font)                  OT1/cmr/bx/it --> OT1/ptm/m/it on input line 35.
LaTeX Info: Redefining \hbar on input line 50.
)
(/usr/share/texlive/texmf-dist/tex/generic/babel/babel.sty
Package: babel 2024/01/07 v24.1 The Babel package
\babel@savecnt=\count334
\U@D=\dimen310
\l@unhyphenated=\language5

(/usr/share/texlive/texmf-dist/tex/generic/babel/txtbabel.def)
\bbl@readstream=\read3
\bbl@dirlevel=\count335

(/usr/share/texlive/texmf-dist/tex/generic/babel-english/american.ldf
Language: american 2017/06/06 v3.3r English support from the babel system

(/usr/share/texlive/texmf-dist/tex/generic/babel-english/english.ldf
Language: english 2017/06/06 v3.3r English support from the babel system
Package babel Info: Hyphen rules for 'british' set to \l@english
(babel)             (\language0). Reported on input line 82.
Package babel Info: Hyphen rules for 'UKenglish' set to \l@english
(babel)             (\language0). Reported on input line 83.
Package babel Info: Hyphen rules for 'canadian' set to \l@english
(babel)             (\language0). Reported on input line 102.
Package babel Info: Hyphen rules for 'australian' set to \l@english
(babel)             (\language0). Reported on input line 105.
Package babel Info: Hyphen rules for 'newzealand' set to \l@english
(babel)             (\language0). Reported on input line 108.
)))
(/usr/share/texlive/texmf-dist/tex/generic/babel/locale/en/babel-american.tex
Package babel Info: Importing font and identification data for american
(babel)             from babel-en-US.ini. Reported on input line 11.
)
(/usr/share/texlive/texmf-dist/tex/latex/grffile/grffile.sty
Package: grffile 2019/11/11 v2.1 Extended file name support for graphics (legac
y)
Package grffile Info: This package is an empty stub for compatibility on input 
line 40.
)
   defining Unicode char U+1F00 (decimal 7936)
   defining Unicode char U+1F00 (decimal 7936)

(/usr/share/texlive/texmf-dist/tex/latex/microtype/microtype.sty
Package: microtype 2023/03/13 v3.1a Micro-typographical refinements (RS)
\MT@toks=\toks48
\MT@tempbox=\box115
\MT@count=\count336
LaTeX Info: Redefining \noprotrusionifhmode on input line 1059.
LaTeX Info: Redefining \leftprotrusion on input line 1060.
\MT@prot@toks=\toks49
LaTeX Info: Redefining \rightprotrusion on input line 1078.
LaTeX Info: Redefining \textls on input line 1368.
\MT@outer@kern=\dimen311
LaTeX Info: Redefining \textmicrotypecontext on input line 1988.
\MT@listname@count=\count337

(/usr/share/texlive/texmf-dist/tex/latex/microtype/microtype-pdftex.def
File: microtype-pdftex.def 2023/03/13 v3.1a Definitions specific to pdftex (RS)

LaTeX Info: Redefining \lsstyle on input line 902.
LaTeX Info: Redefining \lslig on input line 902.
\MT@outer@space=\skip61
)
Package microtype Info: Loading configuration file microtype.cfg.

(/usr/share/texlive/texmf-dist/tex/latex/microtype/microtype.cfg
File: microtype.cfg 2023/03/13 v3.1a microtype main configuration file (RS)


Package microtype Warning: Could not parse font size `10.8 \p@ '
(microtype)                in font set `basicmath' on input line 75.


Package microtype Warning: Could not parse font size `9.5\p@ '
(microtype)                in font set `basicmath' on input line 75.


Package microtype Warning: Could not parse font size `10\p@ '
(microtype)                in font set `basicmath' on input line 75.


Package microtype Warning: Could not parse font size `10.8 \p@ '
(microtype)                in font set `basicmath' on input line 75.


Package microtype Warning: Could not parse font size `9.5\p@ '
(microtype)                in font set `basicmath' on input line 75.


Package microtype Warning: Could not parse font size `10\p@ '
(microtype)                in font set `basicmath' on input line 75.


Package microtype Warning: Could not parse font size `10.8 \p@ '
(microtype)                in font set `basicmath' on input line 75.


Package microtype Warning: Could not parse font size `9.5\p@ '
(microtype)                in font set `basicmath' on input line 75.


Package microtype Warning: Could not parse font size `10\p@ '
(microtype)                in font set `basicmath' on input line 75.


Package microtype Warning: Could not parse font size `10.8 \p@ '
(microtype)                in font set `basicmath' on input line 75.


Package microtype Warning: Could not parse font size `9.5\p@ '
(microtype)                in font set `basicmath' on input line 75.


Package microtype Warning: Could not parse font size `10\p@ '
(microtype)                in font set `basicmath' on input line 75.


Package microtype Warning: Could not parse font size `10.8 \p@ '
(microtype)                in font set `basicmath' on input line 75.


Package microtype Warning: Could not parse font size `9.5\p@ '
(microtype)                in font set `basicmath' on input line 75.


Package microtype Warning: Could not parse font size `10\p@ '
(microtype)                in font set `basicmath' on input line 75.


Package microtype Warning: Could not parse font size `10.8 \p@ '
(microtype)                in font set `basictext' on input line 82.


Package microtype Warning: Could not parse font size `9.5\p@ '
(microtype)                in font set `basictext' on input line 82.


Package microtype Warning: Could not parse font size `10\p@ '
(microtype)                in font set `basictext' on input line 82.


Package microtype Warning: Could not parse font size `10.8 \p@ '
(microtype)                in font set `basictext' on input line 82.


Package microtype Warning: Could not parse font size `9.5\p@ '
(microtype)                in font set `basictext' on input line 82.


Package microtype Warning: Could not parse font size `10\p@ '
(microtype)                in font set `basictext' on input line 82.


Package microtype Warning: Could not parse font size `10.8 \p@ '
(microtype)                in font set `basictext' on input line 82.


Package microtype Warning: Could not parse font size `9.5\p@ '
(microtype)                in font set `basictext' on input line 82.


Package microtype Warning: Could not parse font size `10\p@ '
(microtype)                in font set `basictext' on input line 82.


Package microtype Warning: Could not parse font size `10.8 \p@ '
(microtype)                in font set `basictext' on input line 82.


Package microtype Warning: Could not parse font size `9.5\p@ '
(microtype)                in font set `basictext' on input line 82.


Package microtype Warning: Could not parse font size `10\p@ '
(microtype)                in font set `basictext' on input line 82.


Package microtype Warning: Could not parse font size `10.8 \p@ '
(microtype)                in font set `basictext' on input line 82.


Package microtype Warning: Could not parse font size `9.5\p@ '
(microtype)                in font set `basictext' on input line 82.


Package microtype Warning: Could not parse font size `10\p@ '
(microtype)                in font set `basictext' on input line 82.


Package microtype Warning: Could not parse font size `10\p@ '
(microtype)                in font set `footnotesize' on input line 92.


Package microtype Warning: Could not parse font size `10\p@ '
(microtype)                in font set `footnotesize' on input line 92.


Package microtype Warning: Could not parse font size `10\p@ '
(microtype)                in font set `footnotesize' on input line 92.


Package microtype Warning: Could not parse font size `10\p@ '
(microtype)                in font set `footnotesize' on input line 92.


Package microtype Warning: Could not parse font size `10\p@ '
(microtype)                in font set `footnotesize' on input line 92.


Package microtype Warning: Could not parse font size `9.5\p@ '
(microtype)                in font set `scriptsize' on input line 97.


Package microtype Warning: Could not parse font size `9.5\p@ '
(microtype)                in font set `scriptsize' on input line 97.


Package microtype Warning: Could not parse font size `9.5\p@ '
(microtype)                in font set `scriptsize' on input line 97.


Package microtype Warning: Could not parse font size `9.5\p@ '
(microtype)                in font set `scriptsize' on input line 97.


Package microtype Warning: Could not parse font size `9.5\p@ '
(microtype)                in font set `scriptsize' on input line 97.


Package microtype Warning: Could not parse font size `10.8 \p@ '
(microtype)                in font set `normalfont' on input line 100.


Package microtype Warning: Could not parse font size `10.8 \p@ '
(microtype)                in font set `normalfont' on input line 100.


Package microtype Warning: Could not parse font size `10.8 \p@ '
(microtype)                in font set `normalfont' on input line 100.


Package microtype Warning: Could not parse font size `10.8 \p@ '
(microtype)                in font set `normalfont' on input line 100.


Package microtype Warning: Could not parse font size `10.8 \p@ '
(microtype)                in font set `normalfont' on input line 100.

)) (/usr/share/texlive/texmf-dist/tex/latex/amsmath/amsmath.sty
Package: amsmath 2023/05/13 v2.17o AMS math features
\@mathmargin=\skip62

For additional information on amsmath, use the `?' option.
(/usr/share/texlive/texmf-dist/tex/latex/amsmath/amstext.sty
Package: amstext 2021/08/26 v2.01 AMS text

(/usr/share/texlive/texmf-dist/tex/latex/amsmath/amsgen.sty
File: amsgen.sty 1999/11/30 v2.0 generic functions
\@emptytoks=\toks50
\ex@=\dimen312
))
(/usr/share/texlive/texmf-dist/tex/latex/amsmath/amsbsy.sty
Package: amsbsy 1999/11/29 v1.2d Bold Symbols
\pmbraise@=\dimen313
)
(/usr/share/texlive/texmf-dist/tex/latex/amsmath/amsopn.sty
Package: amsopn 2022/04/08 v2.04 operator names
)
\inf@bad=\count338
LaTeX Info: Redefining \frac on input line 234.
\uproot@=\count339
\leftroot@=\count340
LaTeX Info: Redefining \overline on input line 399.
LaTeX Info: Redefining \colon on input line 410.
\classnum@=\count341
\DOTSCASE@=\count342
LaTeX Info: Redefining \ldots on input line 496.
LaTeX Info: Redefining \dots on input line 499.
LaTeX Info: Redefining \cdots on input line 620.
\Mathstrutbox@=\box116
\strutbox@=\box117
LaTeX Info: Redefining \big on input line 722.
LaTeX Info: Redefining \Big on input line 723.
LaTeX Info: Redefining \bigg on input line 724.
LaTeX Info: Redefining \Bigg on input line 725.
\big@size=\dimen314
LaTeX Font Info:    Redeclaring font encoding OML on input line 743.
LaTeX Font Info:    Redeclaring font encoding OMS on input line 744.
\macc@depth=\count343
LaTeX Info: Redefining \bmod on input line 905.
LaTeX Info: Redefining \pmod on input line 910.
LaTeX Info: Redefining \smash on input line 940.
LaTeX Info: Redefining \relbar on input line 970.
LaTeX Info: Redefining \Relbar on input line 971.
\c@MaxMatrixCols=\count344
\dotsspace@=\muskip20
\c@parentequation=\count345
\dspbrk@lvl=\count346
\tag@help=\toks51
\row@=\count347
\column@=\count348
\maxfields@=\count349
\andhelp@=\toks52
\eqnshift@=\dimen315
\alignsep@=\dimen316
\tagshift@=\dimen317
\tagwidth@=\dimen318
\totwidth@=\dimen319
\lineht@=\dimen320
\@envbody=\toks53
\multlinegap=\skip63
\multlinetaggap=\skip64
\mathdisplay@stack=\toks54
LaTeX Info: Redefining \[ on input line 2953.
LaTeX Info: Redefining \] on input line 2954.
)
(/usr/share/texlive/texmf-dist/tex/latex/needspace/needspace.sty
Package: needspace 2010/09/12 v1.3d reserve vertical space
)
(/usr/share/texlive/texmf-dist/tex/latex/amsfonts/amssymb.sty
Package: amssymb 2013/01/14 v3.01 AMS font symbols
)
(/usr/share/texlive/texmf-dist/tex/latex/cprotect/cprotect.sty
Package: cprotect 2011/01/27 v1.0e (Bruno Le Floch)

(/usr/share/texlive/texmf-dist/tex/latex/bigfoot/suffix.sty
Package: suffix 2006/07/15 1.5a Variant command support
)
\CPT@WriteOut=\write5
\c@CPT@WriteCount=\count350
\c@CPT@numB=\count351
\CPT@commandatend@toks=\toks55
)
(/usr/share/texlive/texmf-dist/tex/latex/csquotes/csquotes.sty
Package: csquotes 2022-09-14 v5.2n context-sensitive quotations (JAW)
\csq@reset=\count352
\csq@gtype=\count353
\csq@glevel=\count354
\csq@qlevel=\count355
\csq@maxlvl=\count356
\csq@tshold=\count357
\csq@ltx@everypar=\toks56

(/usr/share/texlive/texmf-dist/tex/latex/csquotes/csquotes.def
File: csquotes.def 2022-09-14 v5.2n csquotes generic definitions (JAW)
)
Package csquotes Info: Trying to load configuration file 'csquotes.cfg'...
Package csquotes Info: ... configuration file loaded successfully.

(/usr/share/texlive/texmf-dist/tex/latex/csquotes/csquotes.cfg
File: csquotes.cfg 
))
(/usr/share/texlive/texmf-dist/tex/latex/enumitem/enumitem.sty
Package: enumitem 2019/06/20 v3.9 Customized lists
\labelindent=\skip65
\enit@outerparindent=\dimen321
\enit@toks=\toks57
\enit@inbox=\box118
\enit@count@id=\count358
\enitdp@description=\count359
)
(/usr/share/texlive/texmf-dist/tex/latex/emptypage/emptypage.sty
Package: emptypage 2010/05/30 v1.2 Suppress page numbers and headings on empty 
pages
)
(/usr/share/texlive/texmf-dist/tex/latex/float/float.sty
Package: float 2001/11/08 v1.3d Float enhancements (AL)
\c@float@type=\count360
\float@exts=\toks58
\float@box=\box119
\@float@everytoks=\toks59
\@floatcapt=\box120
)
(/usr/share/texlive/texmf-dist/tex/latex/imakeidx/imakeidx.sty
Package: imakeidx 2016/10/15 v1.3e Package for typesetting indices in a synchro
nous mode
)
(/usr/share/texlive/texmf-dist/tex/latex/caption/subcaption.sty
Package: subcaption 2023/07/28 v1.6b Sub-captions (AR)
Package caption Info: New subtype `subfigure' on input line 238.
\c@subfigure=\count361
Package caption Info: New subtype `subtable' on input line 238.
\c@subtable=\count362
)
(/usr/share/texlive/texmf-dist/tex/latex/underscore/underscore.sty
Package: underscore 2006/09/13
LaTeX Info: Redefining \_ on input line 42.
)
(/usr/share/texlive/texmf-dist/tex/latex/firstaid/underscore-ltx.sty
Package: underscore-ltx 2023/09/20 LaTeX firstaid to make underscore protected 

)
(/usr/share/texlive/texmf-dist/tex/latex/datetime2/datetime2.sty
Package: datetime2 2021/03/21 v1.5.7 (NLCT) date and time formats

(/usr/share/texlive/texmf-dist/tex/latex/tracklang/tracklang.sty
Package: tracklang 2022/12/13 v1.6.1 (NLCT) Track Languages

(/usr/share/texlive/texmf-dist/tex/generic/tracklang/tracklang.tex))
(/usr/share/texlive/texmf-dist/tex/latex/datetime2-english/datetime2-en-US.ldf
File: datetime2-en-US.ldf 2019/10/21 v1.05 (NLCT)

(/usr/share/texlive/texmf-dist/tex/latex/datetime2-english/datetime2-english-ba
se.ldf
File: datetime2-english-base.ldf 2019/10/21 v1.05 (NLCT)
)))
\UnbreakableBox=\box121
 (/usr/share/texlive/texmf-dist/tex/latex/setspace/setspace.sty
Package: setspace 2022/12/04 v6.7b set line spacing
)
(/usr/share/texlive/texmf-dist/tex/latex/fancyhdr/fancyhdr.sty
Package: fancyhdr 2022/11/09 v4.1 Extensive control of page headers and footers

\f@nch@headwidth=\skip66
\f@nch@O@elh=\skip67
\f@nch@O@erh=\skip68
\f@nch@O@olh=\skip69
\f@nch@O@orh=\skip70
\f@nch@O@elf=\skip71
\f@nch@O@erf=\skip72
\f@nch@O@olf=\skip73
\f@nch@O@orf=\skip74
)
\c@ExerciseDisplayNumber=\count363

(/usr/share/texlive/texmf-dist/tex/latex/listings/listings.sty
\lst@mode=\count364
\lst@gtempboxa=\box122
\lst@token=\toks60
\lst@length=\count365
\lst@currlwidth=\dimen322
\lst@column=\count366
\lst@pos=\count367
\lst@lostspace=\dimen323
\lst@width=\dimen324
\lst@newlines=\count368
\lst@lineno=\count369
\lst@maxwidth=\dimen325

(/usr/share/texlive/texmf-dist/tex/latex/listings/lstmisc.sty
File: lstmisc.sty 2023/02/27 1.9 (Carsten Heinz)
\c@lstnumber=\count370
\lst@skipnumbers=\count371
\lst@framebox=\box123
)
(/usr/share/texlive/texmf-dist/tex/latex/listings/listings.cfg
File: listings.cfg 2023/02/27 1.9 listings configuration
))
Package: listings 2023/02/27 1.9 (Carsten Heinz)

(/usr/share/texlive/texmf-dist/tex/latex/epigraph/epigraph.sty
Package: epigraph 2020/01/02 v1.5e typesetting epigraphs

(/usr/share/texlive/texmf-dist/tex/latex/nextpage/nextpage.sty
Package: nextpage 2009/09/03 v1.1a additional page commands
)
\beforeepigraphskip=\skip75
\afterepigraphskip=\skip76
\epigraphwidth=\skip77
\epigraphrule=\skip78
)
\interepigraphskip=\skip79

(/usr/share/texlive/texmf-dist/tex/latex/morefloats/morefloats.sty
Package: morefloats 2015/07/22 v1.0h Raise limit of unprocessed floats (HMM)
Package morefloats Info: Maximum number of possible floats asked for: 266
(morefloats)             (i.e. 248 more floats).
(morefloats)             LaTeX might run out of memory before this
(morefloats)             (in which case it will notify you).
)
\lstbox=\box124
\sicpy@idxfile=\write6
\openout6 = `sicpy.idx'.


Writing index file sicpy.idx
Package csquotes Info: Checking for multilingual support...
Package csquotes Info: ... found 'babel' package.
Package csquotes Info: Adjusting default style.
Package csquotes Info: Redefining alias 'default' -> 'american'.
(/usr/share/texlive/texmf-dist/tex/latex/l3backend/l3backend-pdftex.def
File: l3backend-pdftex.def 2024-01-04 L3 backend support: PDF output (pdfTeX)
\l__color_backend_stack_int=\count372
\l__pdf_internal_box=\box125
)
(./sicpy.aux (./chapter1/chapter1.aux) (./chapter2/chapter2.aux)
(./chapter3/chapter3.aux) (./chapter4/chapter4.aux) (./chapter5/chapter5.aux))
\openout1 = `sicpy.aux'.

LaTeX Font Info:    Checking defaults for OML/cmm/m/it on input line 707.
LaTeX Font Info:    ... okay on input line 707.
LaTeX Font Info:    Checking defaults for OMS/cmsy/m/n on input line 707.
LaTeX Font Info:    ... okay on input line 707.
LaTeX Font Info:    Checking defaults for OT1/cmr/m/n on input line 707.
LaTeX Font Info:    ... okay on input line 707.
LaTeX Font Info:    Checking defaults for T1/cmr/m/n on input line 707.
LaTeX Font Info:    ... okay on input line 707.
LaTeX Font Info:    Checking defaults for TS1/cmr/m/n on input line 707.
LaTeX Font Info:    ... okay on input line 707.
LaTeX Font Info:    Checking defaults for OMX/cmex/m/n on input line 707.
LaTeX Font Info:    ... okay on input line 707.
LaTeX Font Info:    Checking defaults for U/cmr/m/n on input line 707.
LaTeX Font Info:    ... okay on input line 707.
LaTeX Font Info:    Checking defaults for PD1/pdf/m/n on input line 707.
LaTeX Font Info:    ... okay on input line 707.
LaTeX Font Info:    Checking defaults for PU/pdf/m/n on input line 707.
LaTeX Font Info:    ... okay on input line 707.

(/usr/share/texlive/texmf-dist/tex/context/base/mkii/supp-pdf.mkii
[Loading MPS to PDF converter (version 2006.09.02).]
\scratchcounter=\count373
\scratchdimen=\dimen326
\scratchbox=\box126
\nofMPsegments=\count374
\nofMParguments=\count375
\everyMPshowfont=\toks61
\MPscratchCnt=\count376
\MPscratchDim=\dimen327
\MPnumerator=\count377
\makeMPintoPDFobject=\count378
\everyMPtoPDFconversion=\toks62
) (/usr/share/texlive/texmf-dist/tex/latex/epstopdf-pkg/epstopdf-base.sty
Package: epstopdf-base 2020-01-24 v2.11 Base part for package epstopdf
Package epstopdf-base Info: Redefining graphics rule for `.eps' on input line 4
85.

(/usr/share/texlive/texmf-dist/tex/latex/latexconfig/epstopdf-sys.cfg
File: epstopdf-sys.cfg 2010/07/13 v1.3 Configuration of (r)epstopdf for TeX Liv
e
))
Package crop Info: requested driver: `' on input line 707.
Package crop Info: detected driver: `pdftex' on input line 707.
Package crop Info: using `pdftex' graphics driver on input line 707.
Package hyperref Info: Link coloring ON on input line 707.

(./sicpy.out) (./sicpy.out)
\@outlinefile=\write7
\openout7 = `sicpy.out'.

Package caption Info: Begin \AtBeginDocument code.
Package caption Info: Option `justification=RaggedRight' requires the `ragged2e
' package on input line 707.

(/usr/share/texlive/texmf-dist/tex/latex/ragged2e/ragged2e.sty
Package: ragged2e 2023/06/22 v3.6 ragged2e Package
\CenteringLeftskip=\skip80
\RaggedLeftLeftskip=\skip81
\RaggedRightLeftskip=\skip82
\CenteringRightskip=\skip83
\RaggedLeftRightskip=\skip84
\RaggedRightRightskip=\skip85
\CenteringParfillskip=\skip86
\RaggedLeftParfillskip=\skip87
\RaggedRightParfillskip=\skip88
\JustifyingParfillskip=\skip89
\CenteringParindent=\skip90
\RaggedLeftParindent=\skip91
\RaggedRightParindent=\skip92
\JustifyingParindent=\skip93
)
Package caption Info: float package is loaded.
Package caption Info: listings package is loaded.
Package caption Info: End \AtBeginDocument code.
LaTeX Info: Redefining \microtypecontext on input line 707.
Package microtype Info: Applying patch `item' on input line 707.
Package microtype Info: Applying patch `toc' on input line 707.
Package microtype Info: Applying patch `eqnum' on input line 707.


Package microtype Warning: Unable to apply patch `footnote' on input line 707.

Package microtype Info: Applying patch `verbatim' on input line 707.
Package microtype Info: Generating PDF output.
Package microtype Info: Character protrusion enabled (level 2),
(microtype)             factor: 1100.
Package microtype Info: Using default protrusion set `alltext'.
Package microtype Info: Automatic font expansion enabled (level 2),
(microtype)             stretch: 10, shrink: 10, step: 1, non-selected.
Package microtype Info: Using default expansion set `alltext-nott'.
LaTeX Info: Redefining \showhyphens on input line 707.
Package microtype Info: Tracking enabled.
Package microtype Info: Using default tracking set `smallcaps'.
Package microtype Info: No adjustment of interword spacing.
Package microtype Info: Adjustment of character kerning enabled.
Package microtype Info: Using default kerning set `alltext'.
(/usr/share/texlive/texmf-dist/tex/latex/microtype/mt-ptm.cfg
File: mt-ptm.cfg 2006/04/20 v1.7 microtype config. file: Times (RS)
)
\c@lstlisting=\count379
LaTeX Font Info:    Calculating math sizes for size <16> on input line 718.
LaTeX Font Info:    Trying to load font information for OT1+ztmcm on input line
 718.

(/usr/share/texlive/texmf-dist/tex/latex/psnfss/ot1ztmcm.fd
File: ot1ztmcm.fd 2000/01/03 Fontinst v1.801 font definitions for OT1/ztmcm.
)
Package microtype Info: Loading generic protrusion settings for font family
(microtype)             `ztmcm' (encoding: OT1).
(microtype)             For optimal results, create family-specific settings.
(microtype)             See the microtype manual for details.
LaTeX Font Info:    Trying to load font information for OML+ztmcm on input line
 718.

(/usr/share/texlive/texmf-dist/tex/latex/psnfss/omlztmcm.fd
File: omlztmcm.fd 2000/01/03 Fontinst v1.801 font definitions for OML/ztmcm.
)
LaTeX Font Info:    Trying to load font information for OMS+ztmcm on input line
 718.

(/usr/share/texlive/texmf-dist/tex/latex/psnfss/omsztmcm.fd
File: omsztmcm.fd 2000/01/03 Fontinst v1.801 font definitions for OMS/ztmcm.
)
LaTeX Font Info:    Trying to load font information for OMX+ztmcm on input line
 718.

(/usr/share/texlive/texmf-dist/tex/latex/psnfss/omxztmcm.fd
File: omxztmcm.fd 2000/01/03 Fontinst v1.801 font definitions for OMX/ztmcm.
)
(/usr/share/texlive/texmf-dist/tex/latex/microtype/mt-msa.cfg
File: mt-msa.cfg 2006/02/04 v1.1 microtype config. file: AMS symbols (a) (RS)
)
(/usr/share/texlive/texmf-dist/tex/latex/microtype/mt-msb.cfg
File: mt-msb.cfg 2005/06/01 v1.0 microtype config. file: AMS symbols (b) (RS)
)
LaTeX Font Info:    Trying to load font information for OT1+ptm on input line 7
18.

(/usr/share/texlive/texmf-dist/tex/latex/psnfss/ot1ptm.fd
File: ot1ptm.fd 2001/06/04 font definitions for OT1/ptm.
)
LaTeX Font Info:    Font shape `OT1/ptm/bx/n' in size <16> not available
(Font)              Font shape `OT1/ptm/b/n' tried instead on input line 718.
LaTeX Font Info:    Font shape `OT1/ptm/bx/n' in size <11.84009> not available
(Font)              Font shape `OT1/ptm/b/n' tried instead on input line 718.
LaTeX Font Info:    Font shape `OT1/ptm/bx/n' in size <9.6001> not available
(Font)              Font shape `OT1/ptm/b/n' tried instead on input line 718.
 [1


{/var/lib/texmf/fonts/map/pdftex/updmap/pdftex.map}{/usr/share/texlive/texmf-di
st/fonts/enc/dvips/base/8r.enc}] [2


]
LaTeX Font Info:    Calculating math sizes for size <13> on input line 733.
LaTeX Font Info:    Font shape `OT1/ptm/bx/n' in size <13> not available
(Font)              Font shape `OT1/ptm/b/n' tried instead on input line 733.
LaTeX Font Info:    Font shape `OT1/ptm/bx/n' in size <9.62007> not available
(Font)              Font shape `OT1/ptm/b/n' tried instead on input line 733.
LaTeX Font Info:    Font shape `OT1/ptm/bx/n' in size <7.80008> not available
(Font)              Font shape `OT1/ptm/b/n' tried instead on input line 733.
LaTeX Font Info:    Trying to load font information for T1+phv on input line 73
6.
 (/usr/share/texlive/texmf-dist/tex/latex/psnfss/t1phv.fd
File: t1phv.fd 2020/03/25 scalable font definitions for T1/phv.
)
Package microtype Info: Loading generic protrusion settings for font family
(microtype)             `phv' (encoding: T1).
(microtype)             For optimal results, create family-specific settings.
(microtype)             See the microtype manual for details.

[3]
LaTeX Font Info:    Trying to load font information for TS1+ptm on input line 7
41.
 (/usr/share/texlive/texmf-dist/tex/latex/psnfss/ts1ptm.fd
File: ts1ptm.fd 2001/06/04 font definitions for TS1/ptm.
)
LaTeX Font Info:    Calculating math sizes for size <9.5> on input line 747.
LaTeX Font Info:    Font shape `OT1/ptm/bx/n' in size <9.5> not available
(Font)              Font shape `OT1/ptm/b/n' tried instead on input line 747.
LaTeX Font Info:    Font shape `OT1/ptm/bx/n' in size <7.03004> not available
(Font)              Font shape `OT1/ptm/b/n' tried instead on input line 747.
LaTeX Font Info:    Font shape `OT1/ptm/bx/n' in size <5.70006> not available
(Font)              Font shape `OT1/ptm/b/n' tried instead on input line 747.
<../static/img_original/BY-NC-SA.png, id=228, 624.3325pt x 220.825pt>
File: ../static/img_original/BY-NC-SA.png Graphic file (type png)
<use ../static/img_original/BY-NC-SA.png>
Package pdftex.def Info: ../static/img_original/BY-NC-SA.png  used on input lin
e 751.
(pdftex.def)             Requested size: 68.2866pt x 24.15266pt.
<../static/img_original/BY-SA.png, id=232, 624.3325pt x 223.83624pt>
File: ../static/img_original/BY-SA.png Graphic file (type png)
<use ../static/img_original/BY-SA.png>
Package pdftex.def Info: ../static/img_original/BY-SA.png  used on input line 7
70.
(pdftex.def)             Requested size: 68.2866pt x 24.48203pt.
<../static/img_original/gpl-v3.pdf, id=234, 564.60938pt x 225.84375pt>
File: ../static/img_original/gpl-v3.pdf Graphic file (type pdf)
<use ../static/img_original/gpl-v3.pdf>
Package pdftex.def Info: ../static/img_original/gpl-v3.pdf  used on input line 
781.
(pdftex.def)             Requested size: 76.82243pt x 30.7288pt.
 [4 <../static/img_original/BY-NC-SA.png> <../static/img_original/BY-SA.png> <.
./static/img_original/gpl-v3.pdf>] [5] [6

]
LaTeX Font Info:    Font shape `OT1/ptm/bx/n' in size <10> not available
(Font)              Font shape `OT1/ptm/b/n' tried instead on input line 815.
LaTeX Font Info:    Font shape `OT1/ptm/bx/n' in size <7.4> not available
(Font)              Font shape `OT1/ptm/b/n' tried instead on input line 815.
LaTeX Font Info:    Font shape `OT1/ptm/bx/n' in size <6> not available
(Font)              Font shape `OT1/ptm/b/n' tried instead on input line 815.
 [7] [8


]
LaTeX Font Info:    Calculating math sizes for size <10.8> on input line 822.
LaTeX Font Info:    Font shape `OT1/ptm/bx/n' in size <10.8> not available
(Font)              Font shape `OT1/ptm/b/n' tried instead on input line 822.
LaTeX Font Info:    Font shape `OT1/ptm/bx/n' in size <7.99205> not available
(Font)              Font shape `OT1/ptm/b/n' tried instead on input line 822.
LaTeX Font Info:    Font shape `OT1/ptm/bx/n' in size <6.48006> not available
(Font)              Font shape `OT1/ptm/b/n' tried instead on input line 822.

Overfull \hbox (5.44394pt too wide) in paragraph at lines 822--822
[][]  
 []

(./sicpy.toc [9]

Package fancyhdr Warning: \footskip is too small (0.0pt): 
(fancyhdr)                Make it at least 3.90004pt, for example:
(fancyhdr)                \setlength{\footskip}{3.90004pt}.

[10]
LaTeX Font Info:    Trying to load font information for T1+lmtt on input line 9
5.
 (/usr/share/texmf/tex/latex/lm/t1lmtt.fd
File: t1lmtt.fd 2015/05/01 v1.6.1 Font defs for Latin Modern
)
Package microtype Info: Loading generic protrusion settings for font family
(microtype)             `lmtt' (encoding: T1).
(microtype)             For optimal results, create family-specific settings.
(microtype)             See the microtype manual for details.


Package fancyhdr Warning: \footskip is too small (0.0pt): 
(fancyhdr)                Make it at least 3.90004pt, for example:
(fancyhdr)                \setlength{\footskip}{3.90004pt}.

[11{/usr/share/texmf/fonts/enc/dvips/lm/lm-ec.enc}])
\tf@toc=\write8
\openout8 = `sicpy.toc'.



Package fancyhdr Warning: \footskip is too small (0.0pt): 
(fancyhdr)                Make it at least 3.90004pt, for example:
(fancyhdr)                \setlength{\footskip}{3.90004pt}.

[12] (./others/02foreword84.tex
Overfull \hbox (5.44394pt too wide) in paragraph at lines 1--1
[][]  
 []


Package fancyhdr Warning: \footskip is too small (0.0pt): 
(fancyhdr)                Make it at least 3.90004pt, for example:
(fancyhdr)                \setlength{\footskip}{3.90004pt}.

[13



]

Package fancyhdr Warning: \footskip is too small (0.0pt): 
(fancyhdr)                Make it at least 3.90004pt, for example:
(fancyhdr)                \setlength{\footskip}{3.90004pt}.

[14])

Package fancyhdr Warning: \footskip is too small (0.0pt): 
(fancyhdr)                Make it at least 3.90004pt, for example:
(fancyhdr)                \setlength{\footskip}{3.90004pt}.

[15] [16

] (./others/03prefaces96.tex
Overfull \hbox (5.44394pt too wide) in paragraph at lines 1--1
[][]  
 []


Package hyperref Warning: Token not allowed in a PDF string (Unicode):
(hyperref)                removing `\leavevmode@ifvmode' on input line 3.


Package hyperref Warning: Token not allowed in a PDF string (Unicode):
(hyperref)                \kern 1.80038pt
(hyperref)                removed on input line 3.


Package hyperref Warning: Token not allowed in a PDF string (Unicode):
(hyperref)                removing `\leavevmode@ifvmode' on input line 3.


Package hyperref Warning: Token not allowed in a PDF string (Unicode):
(hyperref)                \kern 1.80038pt
(hyperref)                removed on input line 3.


Package fancyhdr Warning: \footskip is too small (0.0pt): 
(fancyhdr)                Make it at least 3.90004pt, for example:
(fancyhdr)                \setlength{\footskip}{3.90004pt}.

[17


]

Package fancyhdr Warning: \footskip is too small (0.0pt): 
(fancyhdr)                Make it at least 3.90004pt, for example:
(fancyhdr)                \setlength{\footskip}{3.90004pt}.

[18])

Package fancyhdr Warning: \footskip is too small (0.0pt): 
(fancyhdr)                Make it at least 3.90004pt, for example:
(fancyhdr)                \setlength{\footskip}{3.90004pt}.

[19] [20

] [21] [22


]
\openout2 = `./chapter1/chapter1.aux'.

 (./chapter1/chapter1.tex

Chapter 1:

Package fancyhdr Warning: \footskip is too small (0.0pt): 
(fancyhdr)                Make it at least 3.90004pt, for example:
(fancyhdr)                \setlength{\footskip}{3.90004pt}.

[1




]

Package fancyhdr Warning: \footskip is too small (0.0pt): 
(fancyhdr)                Make it at least 3.90004pt, for example:
(fancyhdr)                \setlength{\footskip}{3.90004pt}.

[2] (./chapter1/section1/section1.tex
\openout5 = `sicpy-1.cpt'.

 (./sicpy-1.cpt)
(./chapter1/section1/subsection1.tex

Package fancyhdr Warning: \footskip is too small (0.0pt): 
(fancyhdr)                Make it at least 3.90004pt, for example:
(fancyhdr)                \setlength{\footskip}{3.90004pt}.

[3]
\openout5 = `sicpy-2.cpt'.

 (./sicpy-2.cpt)

Package fancyhdr Warning: \footskip is too small (0.0pt): 
(fancyhdr)                Make it at least 3.90004pt, for example:
(fancyhdr)                \setlength{\footskip}{3.90004pt}.

[4]

Package fancyhdr Warning: \footskip is too small (0.0pt): 
(fancyhdr)                Make it at least 3.90004pt, for example:
(fancyhdr)                \setlength{\footskip}{3.90004pt}.

[5]
\openout5 = `sicpy-3.cpt'.

 (./sicpy-3.cpt)) (./chapter1/section1/subsection2.tex
\openout5 = `sicpy-4.cpt'.

 (./sicpy-4.cpt
LaTeX Font Info:    Font shape `OT1/ptm/bx/n' in size <9> not available
(Font)              Font shape `OT1/ptm/b/n' tried instead on input line 1.
LaTeX Font Info:    Font shape `OT1/ptm/bx/n' in size <7> not available
(Font)              Font shape `OT1/ptm/b/n' tried instead on input line 1.
LaTeX Font Info:    Font shape `OT1/ptm/bx/n' in size <5> not available
(Font)              Font shape `OT1/ptm/b/n' tried instead on input line 1.
)
Overfull \vbox (2.62793pt too high) has occurred while \output is active []



Package fancyhdr Warning: \footskip is too small (0.0pt): 
(fancyhdr)                Make it at least 3.90004pt, for example:
(fancyhdr)                \setlength{\footskip}{3.90004pt}.

[6]
\openout5 = `sicpy-5.cpt'.

 (./sicpy-5.cpt)) (./chapter1/section1/subsection3.tex
<../static/img_javascript/ch1-Z-G-1.svg.pdf, id=647, 191.56569pt x 172.68515pt>

File: ../static/img_javascript/ch1-Z-G-1.svg.pdf Graphic file (type pdf)
<use ../static/img_javascript/ch1-Z-G-1.svg.pdf>
Package pdftex.def Info: ../static/img_javascript/ch1-Z-G-1.svg.pdf  used on in
put line 30.
(pdftex.def)             Requested size: 124.51622pt x 112.244pt.


Package fancyhdr Warning: \footskip is too small (0.0pt): 
(fancyhdr)                Make it at least 3.90004pt, for example:
(fancyhdr)                \setlength{\footskip}{3.90004pt}.

[7]) (./chapter1/section1/subsection4.tex

Package fancyhdr Warning: \footskip is too small (0.0pt): 
(fancyhdr)                Make it at least 3.90004pt, for example:
(fancyhdr)                \setlength{\footskip}{3.90004pt}.

[8 <../static/img_javascript/ch1-Z-G-1.svg.pdf>]
LaTeX Font Info:    Calculating math sizes for size <9.8> on input line 23.
LaTeX Font Info:    Font shape `OT1/ptm/bx/n' in size <9.8> not available
(Font)              Font shape `OT1/ptm/b/n' tried instead on input line 23.
LaTeX Font Info:    Font shape `OT1/ptm/bx/n' in size <7.25204> not available
(Font)              Font shape `OT1/ptm/b/n' tried instead on input line 23.
LaTeX Font Info:    Font shape `OT1/ptm/bx/n' in size <5.88005> not available
(Font)              Font shape `OT1/ptm/b/n' tried instead on input line 23.
\openout5 = `sicpy-6.cpt'.

 (./sicpy-6.cpt)
\openout5 = `sicpy-7.cpt'.

 (./sicpy-7.cpt)
\openout5 = `sicpy-8.cpt'.

 (./sicpy-8.cpt)

Package fancyhdr Warning: \footskip is too small (0.0pt): 
(fancyhdr)                Make it at least 3.90004pt, for example:
(fancyhdr)                \setlength{\footskip}{3.90004pt}.

[9]
\openout5 = `sicpy-9.cpt'.

 (./sicpy-9.cpt)

Package fancyhdr Warning: \footskip is too small (0.0pt): 
(fancyhdr)                Make it at least 3.90004pt, for example:
(fancyhdr)                \setlength{\footskip}{3.90004pt}.

[10]) (./chapter1/section1/subsection5.tex
\openout5 = `sicpy-10.cpt'.

 (./sicpy-10.cpt)

Package fancyhdr Warning: \footskip is too small (0.0pt): 
(fancyhdr)                Make it at least 3.90004pt, for example:
(fancyhdr)                \setlength{\footskip}{3.90004pt}.

[11]
\openout5 = `sicpy-11.cpt'.

 (./sicpy-11.cpt)

Package fancyhdr Warning: \footskip is too small (0.0pt): 
(fancyhdr)                Make it at least 3.90004pt, for example:
(fancyhdr)                \setlength{\footskip}{3.90004pt}.

[12]
\openout5 = `sicpy-12.cpt'.

 (./sicpy-12.cpt)) (./chapter1/section1/subsection6.tex

Package fancyhdr Warning: \footskip is too small (0.0pt): 
(fancyhdr)                Make it at least 3.90004pt, for example:
(fancyhdr)                \setlength{\footskip}{3.90004pt}.

[13]
\openout5 = `sicpy-13.cpt'.

 (./sicpy-13.cpt)
\openout5 = `sicpy-14.cpt'.

 (./sicpy-14.cpt)

Package fancyhdr Warning: \footskip is too small (0.0pt): 
(fancyhdr)                Make it at least 3.90004pt, for example:
(fancyhdr)                \setlength{\footskip}{3.90004pt}.

[14]
Overfull \hbox (9.23376pt too wide) in paragraph at lines 80--86
\T1/ptm/m/n/10.8 (-10) Parentheses are not needed around the al-ter-na-tive ex-
pres-sion [][][][][][][][][][][][][][][][][],
 []

\openout5 = `sicpy-15.cpt'.

(./sicpy-15.cpt)
\openout5 = `sicpy-16.cpt'.

 (./sicpy-16.cpt)
\openout5 = `sicpy-17.cpt'.

 (./sicpy-17.cpt)

Package fancyhdr Warning: \footskip is too small (0.0pt): 
(fancyhdr)                Make it at least 3.90004pt, for example:
(fancyhdr)                \setlength{\footskip}{3.90004pt}.

[15]
Package hyperref Info: bookmark level for unknown exercise defaults to 0 on inp
ut line 171.


Package fancyhdr Warning: \footskip is too small (0.0pt): 
(fancyhdr)                Make it at least 3.90004pt, for example:
(fancyhdr)                \setlength{\footskip}{3.90004pt}.

[16]

Package fancyhdr Warning: \footskip is too small (0.0pt): 
(fancyhdr)                Make it at least 3.90004pt, for example:
(fancyhdr)                \setlength{\footskip}{3.90004pt}.

[17]) (./chapter1/section1/subsection7.tex
\openout5 = `sicpy-18.cpt'.

 (./sicpy-18.cpt)
\openout5 = `sicpy-19.cpt'.

 (./sicpy-19.cpt)

Package fancyhdr Warning: \footskip is too small (0.0pt): 
(fancyhdr)                Make it at least 3.90004pt, for example:
(fancyhdr)                \setlength{\footskip}{3.90004pt}.

[18]
\openout5 = `sicpy-20.cpt'.

 (./sicpy-20.cpt)

Package fancyhdr Warning: \footskip is too small (0.0pt): 
(fancyhdr)                Make it at least 3.90004pt, for example:
(fancyhdr)                \setlength{\footskip}{3.90004pt}.

[19]
\openout5 = `sicpy-21.cpt'.

 (./sicpy-21.cpt)
\openout5 = `sicpy-22.cpt'.

 (./sicpy-22.cpt)

Package fancyhdr Warning: \footskip is too small (0.0pt): 
(fancyhdr)                Make it at least 3.90004pt, for example:
(fancyhdr)                \setlength{\footskip}{3.90004pt}.

[20]) (./chapter1/section1/subsection8.tex
<../static/img_javascript/ch1-Z-G-6.svg.pdf, id=960, 304.88907pt x 136.25906pt>

File: ../static/img_javascript/ch1-Z-G-6.svg.pdf Graphic file (type pdf)
<use ../static/img_javascript/ch1-Z-G-6.svg.pdf>
Package pdftex.def Info: ../static/img_javascript/ch1-Z-G-6.svg.pdf  used on in
put line 16.
(pdftex.def)             Requested size: 198.17554pt x 88.56732pt.


Package fancyhdr Warning: \footskip is too small (0.0pt): 
(fancyhdr)                Make it at least 3.90004pt, for example:
(fancyhdr)                \setlength{\footskip}{3.90004pt}.

[21]
\openout5 = `sicpy-23.cpt'.

 (./sicpy-23.cpt)

Package fancyhdr Warning: \footskip is too small (0.0pt): 
(fancyhdr)                Make it at least 3.90004pt, for example:
(fancyhdr)                \setlength{\footskip}{3.90004pt}.

[22 <../static/img_javascript/ch1-Z-G-6.svg.pdf>]
\openout5 = `sicpy-24.cpt'.

 (./sicpy-24.cpt)

Package fancyhdr Warning: \footskip is too small (0.0pt): 
(fancyhdr)                Make it at least 3.90004pt, for example:
(fancyhdr)                \setlength{\footskip}{3.90004pt}.

[23]
\openout5 = `sicpy-25.cpt'.

 (./sicpy-25.cpt)

Package fancyhdr Warning: \footskip is too small (0.0pt): 
(fancyhdr)                Make it at least 3.90004pt, for example:
(fancyhdr)                \setlength{\footskip}{3.90004pt}.

[24]
\openout5 = `sicpy-26.cpt'.

 (./sicpy-26.cpt))) (./chapter1/section2/section2.tex

Package fancyhdr Warning: \footskip is too small (0.0pt): 
(fancyhdr)                Make it at least 3.90004pt, for example:
(fancyhdr)                \setlength{\footskip}{3.90004pt}.

[25] (./chapter1/section2/subsection1.tex
\openout5 = `sicpy-27.cpt'.

 (./sicpy-27.cpt)

Package fancyhdr Warning: \footskip is too small (0.0pt): 
(fancyhdr)                Make it at least 3.90004pt, for example:
(fancyhdr)                \setlength{\footskip}{3.90004pt}.

[26]
Overfull \hbox (0.14923pt too wide) in paragraph at lines 53--63
[][] 
 []

<../static/img_javascript/ch1-Z-G-7.svg.pdf, id=1076, 336.67784pt x 270.5809pt>

File: ../static/img_javascript/ch1-Z-G-7.svg.pdf Graphic file (type pdf)
<use ../static/img_javascript/ch1-Z-G-7.svg.pdf>
Package pdftex.def Info: ../static/img_javascript/ch1-Z-G-7.svg.pdf  used on in
put line 66.
(pdftex.def)             Requested size: 218.83798pt x 175.87549pt.
<../static/img_javascript/ch1-Z-G-10.svg.pdf, id=1077, 204.9758pt x 203.25937pt
>
File: ../static/img_javascript/ch1-Z-G-10.svg.pdf Graphic file (type pdf)
<use ../static/img_javascript/ch1-Z-G-10.svg.pdf>
Package pdftex.def Info: ../static/img_javascript/ch1-Z-G-10.svg.pdf  used on i
nput line 71.
(pdftex.def)             Requested size: 133.23268pt x 132.11702pt.

Overfull \vbox (2.55276pt too high) has occurred while \output is active []



Package fancyhdr Warning: \footskip is too small (0.0pt): 
(fancyhdr)                Make it at least 3.90004pt, for example:
(fancyhdr)                \setlength{\footskip}{3.90004pt}.

[27 <../static/img_javascript/ch1-Z-G-7.svg.pdf>]
\openout5 = `sicpy-28.cpt'.

 (./sicpy-28.cpt)

Package fancyhdr Warning: \footskip is too small (0.0pt): 
(fancyhdr)                Make it at least 3.90004pt, for example:
(fancyhdr)                \setlength{\footskip}{3.90004pt}.

[28 <../static/img_javascript/ch1-Z-G-10.svg.pdf>]
\openout5 = `sicpy-29.cpt'.

 (./sicpy-29.cpt)
\openout5 = `sicpy-30.cpt'.


(./sicpy-30.cpt)

Package fancyhdr Warning: \footskip is too small (0.0pt): 
(fancyhdr)                Make it at least 3.90004pt, for example:
(fancyhdr)                \setlength{\footskip}{3.90004pt}.

[29]) (./chapter1/section2/subsection2.tex
<../static/img_javascript/ch1-Z-G-13.svg.pdf, id=1141, 506.35172pt x 315.45854p
t>
File: ../static/img_javascript/ch1-Z-G-13.svg.pdf Graphic file (type pdf)
<use ../static/img_javascript/ch1-Z-G-13.svg.pdf>
Package pdftex.def Info: ../static/img_javascript/ch1-Z-G-13.svg.pdf  used on i
nput line 33.
(pdftex.def)             Requested size: 329.12471pt x 205.04561pt.


Package fancyhdr Warning: \footskip is too small (0.0pt): 
(fancyhdr)                Make it at least 3.90004pt, for example:
(fancyhdr)                \setlength{\footskip}{3.90004pt}.

[30]

Package fancyhdr Warning: \footskip is too small (0.0pt): 
(fancyhdr)                Make it at least 3.90004pt, for example:
(fancyhdr)                \setlength{\footskip}{3.90004pt}.

[31 <../static/img_javascript/ch1-Z-G-13.svg.pdf>]
\openout5 = `sicpy-31.cpt'.

 (./sicpy-31.cpt)

Package fancyhdr Warning: \footskip is too small (0.0pt): 
(fancyhdr)                Make it at least 3.90004pt, for example:
(fancyhdr)                \setlength{\footskip}{3.90004pt}.

[32]
\openout5 = `sicpy-32.cpt'.

 (./sicpy-32.cpt)
\openout5 = `sicpy-33.cpt'.

 (./sicpy-33.cpt)

Package fancyhdr Warning: \footskip is too small (0.0pt): 
(fancyhdr)                Make it at least 3.90004pt, for example:
(fancyhdr)                \setlength{\footskip}{3.90004pt}.

[33]
\openout5 = `sicpy-34.cpt'.

 (./sicpy-34.cpt)) (./chapter1/section2/subsection3.tex

Package fancyhdr Warning: \footskip is too small (0.0pt): 
(fancyhdr)                Make it at least 3.90004pt, for example:
(fancyhdr)                \setlength{\footskip}{3.90004pt}.

[34]
\openout5 = `sicpy-35.cpt'.

 (./sicpy-35.cpt)

Package fancyhdr Warning: \footskip is too small (0.0pt): 
(fancyhdr)                Make it at least 3.90004pt, for example:
(fancyhdr)                \setlength{\footskip}{3.90004pt}.

[35]) (./chapter1/section2/subsection4.tex

Package fancyhdr Warning: \footskip is too small (0.0pt): 
(fancyhdr)                Make it at least 3.90004pt, for example:
(fancyhdr)                \setlength{\footskip}{3.90004pt}.

[36]
\openout5 = `sicpy-36.cpt'.

 (./sicpy-36.cpt)
\openout5 = `sicpy-37.cpt'.

 (./sicpy-37.cpt)
\openout5 = `sicpy-38.cpt'.

 (./sicpy-38.cpt)

Package fancyhdr Warning: \footskip is too small (0.0pt): 
(fancyhdr)                Make it at least 3.90004pt, for example:
(fancyhdr)                \setlength{\footskip}{3.90004pt}.

[37]
\openout5 = `sicpy-39.cpt'.

 (./sicpy-39.cpt)
\openout5 = `sicpy-40.cpt'.

 (./sicpy-40.cpt)) (./chapter1/section2/subsection5.tex

Package fancyhdr Warning: \footskip is too small (0.0pt): 
(fancyhdr)                Make it at least 3.90004pt, for example:
(fancyhdr)                \setlength{\footskip}{3.90004pt}.

[38]
\openout5 = `sicpy-41.cpt'.

 (./sicpy-41.cpt)
Overfull \vbox (0.4025pt too high) has occurred while \output is active []



Package fancyhdr Warning: \footskip is too small (0.0pt): 
(fancyhdr)                Make it at least 3.90004pt, for example:
(fancyhdr)                \setlength{\footskip}{3.90004pt}.

[39]
\openout5 = `sicpy-42.cpt'.

 (./sicpy-42.cpt)) (./chapter1/section2/subsection6.tex

Package fancyhdr Warning: \footskip is too small (0.0pt): 
(fancyhdr)                Make it at least 3.90004pt, for example:
(fancyhdr)                \setlength{\footskip}{3.90004pt}.

[40]
\openout5 = `sicpy-43.cpt'.

 (./sicpy-43.cpt)
\openout5 = `sicpy-44.cpt'.

 (./sicpy-44.cpt)

Package fancyhdr Warning: \footskip is too small (0.0pt): 
(fancyhdr)                Make it at least 3.90004pt, for example:
(fancyhdr)                \setlength{\footskip}{3.90004pt}.

[41]
Overfull \hbox (0.14923pt too wide) in paragraph at lines 71--78
[][] 
 []

\openout5 = `sicpy-45.cpt'.

(./sicpy-45.cpt)

Package fancyhdr Warning: \footskip is too small (0.0pt): 
(fancyhdr)                Make it at least 3.90004pt, for example:
(fancyhdr)                \setlength{\footskip}{3.90004pt}.

[42]
\openout5 = `sicpy-46.cpt'.

 (./sicpy-46.cpt)
\openout5 = `sicpy-47.cpt'.

 (./sicpy-47.cpt)

Package fancyhdr Warning: \footskip is too small (0.0pt): 
(fancyhdr)                Make it at least 3.90004pt, for example:
(fancyhdr)                \setlength{\footskip}{3.90004pt}.

[43]
\openout5 = `sicpy-48.cpt'.

 (./sicpy-48.cpt)
\openout5 = `sicpy-49.cpt'.

 (./sicpy-49.cpt)

Package fancyhdr Warning: \footskip is too small (0.0pt): 
(fancyhdr)                Make it at least 3.90004pt, for example:
(fancyhdr)                \setlength{\footskip}{3.90004pt}.

[44]

Package fancyhdr Warning: \footskip is too small (0.0pt): 
(fancyhdr)                Make it at least 3.90004pt, for example:
(fancyhdr)                \setlength{\footskip}{3.90004pt}.

[45])) (./chapter1/section3/section3.tex (./chapter1/section3/subsection1.tex

Package fancyhdr Warning: \footskip is too small (0.0pt): 
(fancyhdr)                Make it at least 3.90004pt, for example:
(fancyhdr)                \setlength{\footskip}{3.90004pt}.

[46]
\openout5 = `sicpy-50.cpt'.

 (./sicpy-50.cpt)

Package fancyhdr Warning: \footskip is too small (0.0pt): 
(fancyhdr)                Make it at least 3.90004pt, for example:
(fancyhdr)                \setlength{\footskip}{3.90004pt}.

[47]
\openout5 = `sicpy-51.cpt'.

 (./sicpy-51.cpt)
Overfull \vbox (2.25497pt too high) has occurred while \output is active []



Package fancyhdr Warning: \footskip is too small (0.0pt): 
(fancyhdr)                Make it at least 3.90004pt, for example:
(fancyhdr)                \setlength{\footskip}{3.90004pt}.

[48]
\openout5 = `sicpy-52.cpt'.

 (./sicpy-52.cpt)
\openout5 = `sicpy-53.cpt'.

 (./sicpy-53.cpt)

Package fancyhdr Warning: \footskip is too small (0.0pt): 
(fancyhdr)                Make it at least 3.90004pt, for example:
(fancyhdr)                \setlength{\footskip}{3.90004pt}.

[49]) (./chapter1/section3/subsection2.tex
Overfull \vbox (2.32336pt too high) has occurred while \output is active []



Package fancyhdr Warning: \footskip is too small (0.0pt): 
(fancyhdr)                Make it at least 3.90004pt, for example:
(fancyhdr)                \setlength{\footskip}{3.90004pt}.

[50]
\openout5 = `sicpy-54.cpt'.

 (./sicpy-54.cpt)

Package fancyhdr Warning: \footskip is too small (0.0pt): 
(fancyhdr)                Make it at least 3.90004pt, for example:
(fancyhdr)                \setlength{\footskip}{3.90004pt}.

[51]
\openout5 = `sicpy-55.cpt'.

 (./sicpy-55.cpt)
\openout5 = `sicpy-56.cpt'.

 (./sicpy-56.cpt)

Package fancyhdr Warning: \footskip is too small (0.0pt): 
(fancyhdr)                Make it at least 3.90004pt, for example:
(fancyhdr)                \setlength{\footskip}{3.90004pt}.

[52]

Package fancyhdr Warning: \footskip is too small (0.0pt): 
(fancyhdr)                Make it at least 3.90004pt, for example:
(fancyhdr)                \setlength{\footskip}{3.90004pt}.

[53]) (./chapter1/section3/subsection3.tex

Package fancyhdr Warning: \footskip is too small (0.0pt): 
(fancyhdr)                Make it at least 3.90004pt, for example:
(fancyhdr)                \setlength{\footskip}{3.90004pt}.

[54]
\openout5 = `sicpy-57.cpt'.

 (./sicpy-57.cpt)

Package fancyhdr Warning: \footskip is too small (0.0pt): 
(fancyhdr)                Make it at least 3.90004pt, for example:
(fancyhdr)                \setlength{\footskip}{3.90004pt}.

[55]
\openout5 = `sicpy-58.cpt'.

 (./sicpy-58.cpt)

Package fancyhdr Warning: \footskip is too small (0.0pt): 
(fancyhdr)                Make it at least 3.90004pt, for example:
(fancyhdr)                \setlength{\footskip}{3.90004pt}.

[56]
\openout5 = `sicpy-59.cpt'.

 (./sicpy-59.cpt)
\openout5 = `sicpy-60.cpt'.

 (./sicpy-60.cpt)
Overfull \vbox (1.57289pt too high) has occurred while \output is active []



Package fancyhdr Warning: \footskip is too small (0.0pt): 
(fancyhdr)                Make it at least 3.90004pt, for example:
(fancyhdr)                \setlength{\footskip}{3.90004pt}.

[57]

Package fancyhdr Warning: \footskip is too small (0.0pt): 
(fancyhdr)                Make it at least 3.90004pt, for example:
(fancyhdr)                \setlength{\footskip}{3.90004pt}.

[58]) (./chapter1/section3/subsection4.tex
\openout5 = `sicpy-61.cpt'.

 (./sicpy-61.cpt)

Package fancyhdr Warning: \footskip is too small (0.0pt): 
(fancyhdr)                Make it at least 3.90004pt, for example:
(fancyhdr)                \setlength{\footskip}{3.90004pt}.

[59]
\openout5 = `sicpy-62.cpt'.

 (./sicpy-62.cpt)
\openout5 = `sicpy-63.cpt'.

 (./sicpy-63.cpt)
\openout5 = `sicpy-64.cpt'.

 (./sicpy-64.cpt)

Package fancyhdr Warning: \footskip is too small (0.0pt): 
(fancyhdr)                Make it at least 3.90004pt, for example:
(fancyhdr)                \setlength{\footskip}{3.90004pt}.

[60]
\openout5 = `sicpy-65.cpt'.

 (./sicpy-65.cpt)

Package fancyhdr Warning: \footskip is too small (0.0pt): 
(fancyhdr)                Make it at least 3.90004pt, for example:
(fancyhdr)                \setlength{\footskip}{3.90004pt}.

[61]
\openout5 = `sicpy-66.cpt'.

 (./sicpy-66.cpt)

Package fancyhdr Warning: \footskip is too small (0.0pt): 
(fancyhdr)                Make it at least 3.90004pt, for example:
(fancyhdr)                \setlength{\footskip}{3.90004pt}.

[62]
\openout5 = `sicpy-67.cpt'.

 (./sicpy-67.cpt)
\openout5 = `sicpy-68.cpt'.

 (./sicpy-68.cpt)

Package fancyhdr Warning: \footskip is too small (0.0pt): 
(fancyhdr)                Make it at least 3.90004pt, for example:
(fancyhdr)                \setlength{\footskip}{3.90004pt}.

[63])))

Package fancyhdr Warning: \footskip is too small (0.0pt): 
(fancyhdr)                Make it at least 3.90004pt, for example:
(fancyhdr)                \setlength{\footskip}{3.90004pt}.

[64]
\openout2 = `./chapter2/chapter2.aux'.

 (./chapter2/chapter2.tex

Chapter 2:

Package fancyhdr Warning: \footskip is too small (0.0pt): 
(fancyhdr)                Make it at least 3.90004pt, for example:
(fancyhdr)                \setlength{\footskip}{3.90004pt}.

[65





]
\openout5 = `sicpy-69.cpt'.

 (./sicpy-69.cpt)

Package fancyhdr Warning: \footskip is too small (0.0pt): 
(fancyhdr)                Make it at least 3.90004pt, for example:
(fancyhdr)                \setlength{\footskip}{3.90004pt}.

[66] (./chapter2/section1/section1.tex

Package fancyhdr Warning: \footskip is too small (0.0pt): 
(fancyhdr)                Make it at least 3.90004pt, for example:
(fancyhdr)                \setlength{\footskip}{3.90004pt}.

[67] (./chapter2/section1/subsection1.tex

Package fancyhdr Warning: \footskip is too small (0.0pt): 
(fancyhdr)                Make it at least 3.90004pt, for example:
(fancyhdr)                \setlength{\footskip}{3.90004pt}.

[68]

Package fancyhdr Warning: \footskip is too small (0.0pt): 
(fancyhdr)                Make it at least 3.90004pt, for example:
(fancyhdr)                \setlength{\footskip}{3.90004pt}.

[69]
\openout5 = `sicpy-70.cpt'.

 (./sicpy-70.cpt)

Package fancyhdr Warning: \footskip is too small (0.0pt): 
(fancyhdr)                Make it at least 3.90004pt, for example:
(fancyhdr)                \setlength{\footskip}{3.90004pt}.

[70]) (./chapter2/section1/subsection2.tex

Package fancyhdr Warning: \footskip is too small (0.0pt): 
(fancyhdr)                Make it at least 3.90004pt, for example:
(fancyhdr)                \setlength{\footskip}{3.90004pt}.

[71]
<../static/img_javascript/ch2-Z-G-6.svg.pdf, id=2112, 340.66272pt x 265.11044pt
>
File: ../static/img_javascript/ch2-Z-G-6.svg.pdf Graphic file (type pdf)
<use ../static/img_javascript/ch2-Z-G-6.svg.pdf>
Package pdftex.def Info: ../static/img_javascript/ch2-Z-G-6.svg.pdf  used on in
put line 11.
(pdftex.def)             Requested size: 221.42813pt x 172.31973pt.


Package fancyhdr Warning: \footskip is too small (0.0pt): 
(fancyhdr)                Make it at least 3.90004pt, for example:
(fancyhdr)                \setlength{\footskip}{3.90004pt}.

[72 <../static/img_javascript/ch2-Z-G-6.svg.pdf>])
(./chapter2/section1/subsection3.tex

Package fancyhdr Warning: \footskip is too small (0.0pt): 
(fancyhdr)                Make it at least 3.90004pt, for example:
(fancyhdr)                \setlength{\footskip}{3.90004pt}.

[73]
\openout5 = `sicpy-71.cpt'.

 (./sicpy-71.cpt)
\openout5 = `sicpy-72.cpt'.

 (./sicpy-72.cpt)

Package fancyhdr Warning: \footskip is too small (0.0pt): 
(fancyhdr)                Make it at least 3.90004pt, for example:
(fancyhdr)                \setlength{\footskip}{3.90004pt}.

[74]

Package fancyhdr Warning: \footskip is too small (0.0pt): 
(fancyhdr)                Make it at least 3.90004pt, for example:
(fancyhdr)                \setlength{\footskip}{3.90004pt}.

[75]) (./chapter2/section1/subsection4.tex

Package fancyhdr Warning: \footskip is too small (0.0pt): 
(fancyhdr)                Make it at least 3.90004pt, for example:
(fancyhdr)                \setlength{\footskip}{3.90004pt}.

[76]

Package fancyhdr Warning: \footskip is too small (0.0pt): 
(fancyhdr)                Make it at least 3.90004pt, for example:
(fancyhdr)                \setlength{\footskip}{3.90004pt}.

[77]

Package fancyhdr Warning: \footskip is too small (0.0pt): 
(fancyhdr)                Make it at least 3.90004pt, for example:
(fancyhdr)                \setlength{\footskip}{3.90004pt}.

[78])) (./chapter2/section2/section2.tex
<../static/img_javascript/ch2-Z-G-11.svg.pdf, id=2248, 123.46124pt x 36.88782pt
>
File: ../static/img_javascript/ch2-Z-G-11.svg.pdf Graphic file (type pdf)
<use ../static/img_javascript/ch2-Z-G-11.svg.pdf>
Package pdftex.def Info: ../static/img_javascript/ch2-Z-G-11.svg.pdf  used on i
nput line 13.
(pdftex.def)             Requested size: 80.24884pt x 23.97678pt.
<../static/img_javascript/ch2-Z-G-12.svg.pdf, id=2252, 472.27443pt x 159.2349pt
>
File: ../static/img_javascript/ch2-Z-G-12.svg.pdf Graphic file (type pdf)
<use ../static/img_javascript/ch2-Z-G-12.svg.pdf>
Package pdftex.def Info: ../static/img_javascript/ch2-Z-G-12.svg.pdf  used on i
nput line 20.
(pdftex.def)             Requested size: 306.97473pt x 103.50145pt.


Package fancyhdr Warning: \footskip is too small (0.0pt): 
(fancyhdr)                Make it at least 3.90004pt, for example:
(fancyhdr)                \setlength{\footskip}{3.90004pt}.

[79]
\openout5 = `sicpy-73.cpt'.

 (./sicpy-73.cpt) (./chapter2/section2/subsection1.tex

Package fancyhdr Warning: \footskip is too small (0.0pt): 
(fancyhdr)                Make it at least 3.90004pt, for example:
(fancyhdr)                \setlength{\footskip}{3.90004pt}.

[80 <../static/img_javascript/ch2-Z-G-11.svg.pdf> <../static/img_javascript/ch2
-Z-G-12.svg.pdf>]
<../static/img_javascript/ch2-Z-G-13.svg.pdf, id=2291, 424.84723pt x 36.88782pt
>
File: ../static/img_javascript/ch2-Z-G-13.svg.pdf Graphic file (type pdf)
<use ../static/img_javascript/ch2-Z-G-13.svg.pdf>
Package pdftex.def Info: ../static/img_javascript/ch2-Z-G-13.svg.pdf  used on i
nput line 25.
(pdftex.def)             Requested size: 276.14743pt x 23.97678pt.
\openout5 = `sicpy-74.cpt'.

 (./sicpy-74.cpt)

Package fancyhdr Warning: \footskip is too small (0.0pt): 
(fancyhdr)                Make it at least 3.90004pt, for example:
(fancyhdr)                \setlength{\footskip}{3.90004pt}.

[81 <../static/img_javascript/ch2-Z-G-13.svg.pdf>]
\openout5 = `sicpy-75.cpt'.

 (./sicpy-75.cpt)
\openout5 = `sicpy-76.cpt'.


(./sicpy-76.cpt)

Package fancyhdr Warning: \footskip is too small (0.0pt): 
(fancyhdr)                Make it at least 3.90004pt, for example:
(fancyhdr)                \setlength{\footskip}{3.90004pt}.

[82]

Package fancyhdr Warning: \footskip is too small (0.0pt): 
(fancyhdr)                Make it at least 3.90004pt, for example:
(fancyhdr)                \setlength{\footskip}{3.90004pt}.

[83]

Package fancyhdr Warning: \footskip is too small (0.0pt): 
(fancyhdr)                Make it at least 3.90004pt, for example:
(fancyhdr)                \setlength{\footskip}{3.90004pt}.

[84]

Package fancyhdr Warning: \footskip is too small (0.0pt): 
(fancyhdr)                Make it at least 3.90004pt, for example:
(fancyhdr)                \setlength{\footskip}{3.90004pt}.

[85]

Package fancyhdr Warning: \footskip is too small (0.0pt): 
(fancyhdr)                Make it at least 3.90004pt, for example:
(fancyhdr)                \setlength{\footskip}{3.90004pt}.

[86]) (./chapter2/section2/subsection2.tex
<../static/img_javascript/ch2-Z-G-15.svg.pdf, id=2503, 509.83473pt x 154.39684p
t>
File: ../static/img_javascript/ch2-Z-G-15.svg.pdf Graphic file (type pdf)
<use ../static/img_javascript/ch2-Z-G-15.svg.pdf>
Package pdftex.def Info: ../static/img_javascript/ch2-Z-G-15.svg.pdf  used on i
nput line 17.
(pdftex.def)             Requested size: 331.38864pt x 100.35674pt.

Overfull \hbox (1.17493pt too wide) in paragraph at lines 14--21
\T1/ptm/m/n/10.8 (-10) as a linked list of three items, the first of which is i
t-self a linked list, [][][][][][][][].
 []

<../static/img_javascript/ch2-Z-G-16.svg.pdf, id=2506, 262.04903pt x 142.57265p
t>
File: ../static/img_javascript/ch2-Z-G-16.svg.pdf Graphic file (type pdf)
<use ../static/img_javascript/ch2-Z-G-16.svg.pdf>
Package pdftex.def Info: ../static/img_javascript/ch2-Z-G-16.svg.pdf  used on i
nput line 26.
(pdftex.def)             Requested size: 170.32983pt x 92.67111pt.

Package fancyhdr Warning: \footskip is too small (0.0pt): 
(fancyhdr)                Make it at least 3.90004pt, for example:
(fancyhdr)                \setlength{\footskip}{3.90004pt}.

[87]

Package fancyhdr Warning: \footskip is too small (0.0pt): 
(fancyhdr)                Make it at least 3.90004pt, for example:
(fancyhdr)                \setlength{\footskip}{3.90004pt}.

[88 <../static/img_javascript/ch2-Z-G-15.svg.pdf> <../static/img_javascript/ch2
-Z-G-16.svg.pdf>]
\openout5 = `sicpy-77.cpt'.

 (./sicpy-77.cpt)

Package fancyhdr Warning: \footskip is too small (0.0pt): 
(fancyhdr)                Make it at least 3.90004pt, for example:
(fancyhdr)                \setlength{\footskip}{3.90004pt}.

[89]

Package fancyhdr Warning: \footskip is too small (0.0pt): 
(fancyhdr)                Make it at least 3.90004pt, for example:
(fancyhdr)                \setlength{\footskip}{3.90004pt}.

[90]
Overfull \hbox (2.46448pt too wide) in paragraph at lines 243--244
[][][][][][][][][][][][][][][][][][][][][][][][] 
 []


Overfull \hbox (5.29422pt too wide) in paragraph at lines 241--246
[] 
 []


Package fancyhdr Warning: \footskip is too small (0.0pt): 
(fancyhdr)                Make it at least 3.90004pt, for example:
(fancyhdr)                \setlength{\footskip}{3.90004pt}.

[91]) (./chapter2/section2/subsection3.tex

Package fancyhdr Warning: \footskip is too small (0.0pt): 
(fancyhdr)                Make it at least 3.90004pt, for example:
(fancyhdr)                \setlength{\footskip}{3.90004pt}.

[92]
<../static/img_javascript/ch2-Z-G-17.svg.pdf, id=2725, 505.13719pt x 141.52875p
t>
File: ../static/img_javascript/ch2-Z-G-17.svg.pdf Graphic file (type pdf)
<use ../static/img_javascript/ch2-Z-G-17.svg.pdf>
Package pdftex.def Info: ../static/img_javascript/ch2-Z-G-17.svg.pdf  used on i
nput line 45.
(pdftex.def)             Requested size: 328.33528pt x 91.99258pt.


Package fancyhdr Warning: \footskip is too small (0.0pt): 
(fancyhdr)                Make it at least 3.90004pt, for example:
(fancyhdr)                \setlength{\footskip}{3.90004pt}.

[93 <../static/img_javascript/ch2-Z-G-17.svg.pdf>]

Package fancyhdr Warning: \footskip is too small (0.0pt): 
(fancyhdr)                Make it at least 3.90004pt, for example:
(fancyhdr)                \setlength{\footskip}{3.90004pt}.

[94]
\openout5 = `sicpy-78.cpt'.

 (./sicpy-78.cpt)

Package fancyhdr Warning: \footskip is too small (0.0pt): 
(fancyhdr)                Make it at least 3.90004pt, for example:
(fancyhdr)                \setlength{\footskip}{3.90004pt}.

[95]

Package fancyhdr Warning: \footskip is too small (0.0pt): 
(fancyhdr)                Make it at least 3.90004pt, for example:
(fancyhdr)                \setlength{\footskip}{3.90004pt}.

[96]
\openout5 = `sicpy-79.cpt'.

 (./sicpy-79.cpt)
\openout5 = `sicpy-80.cpt'.

 (./sicpy-80.cpt)

Package fancyhdr Warning: \footskip is too small (0.0pt): 
(fancyhdr)                Make it at least 3.90004pt, for example:
(fancyhdr)                \setlength{\footskip}{3.90004pt}.

[97]

Package fancyhdr Warning: \footskip is too small (0.0pt): 
(fancyhdr)                Make it at least 3.90004pt, for example:
(fancyhdr)                \setlength{\footskip}{3.90004pt}.

[98]
\openout5 = `sicpy-81.cpt'.

 (./sicpy-81.cpt)

Package fancyhdr Warning: \footskip is too small (0.0pt): 
(fancyhdr)                Make it at least 3.90004pt, for example:
(fancyhdr)                \setlength{\footskip}{3.90004pt}.

[99]
\openout5 = `sicpy-82.cpt'.

 (./sicpy-82.cpt)
\openout5 = `sicpy-83.cpt'.

 (./sicpy-83.cpt)
Overfull \vbox (1.47528pt too high) has occurred while \output is active []



Package fancyhdr Warning: \footskip is too small (0.0pt): 
(fancyhdr)                Make it at least 3.90004pt, for example:
(fancyhdr)                \setlength{\footskip}{3.90004pt}.

[100]
Overfull \hbox (0.14923pt too wide) in paragraph at lines 478--487
[][] 
 []

\openout5 = `sicpy-84.cpt'.

(./sicpy-84.cpt)
\openout5 = `sicpy-85.cpt'.

 (./sicpy-85.cpt)
Overfull \vbox (2.69759pt too high) has occurred while \output is active []



Package fancyhdr Warning: \footskip is too small (0.0pt): 
(fancyhdr)                Make it at least 3.90004pt, for example:
(fancyhdr)                \setlength{\footskip}{3.90004pt}.

[101]
<../static/img_original/ch2-Z-G-23.svg.pdf, id=3019, 291.33844pt x 291.33844pt>

File: ../static/img_original/ch2-Z-G-23.svg.pdf Graphic file (type pdf)
<use ../static/img_original/ch2-Z-G-23.svg.pdf>
Package pdftex.def Info: ../static/img_original/ch2-Z-G-23.svg.pdf  used on inp
ut line 526.
(pdftex.def)             Requested size: 189.36774pt x 189.36774pt.


Package fancyhdr Warning: \footskip is too small (0.0pt): 
(fancyhdr)                Make it at least 3.90004pt, for example:
(fancyhdr)                \setlength{\footskip}{3.90004pt}.

[102 <../static/img_original/ch2-Z-G-23.svg.pdf>]
Overfull \hbox (1.22556pt too wide) in paragraph at lines 546--547
[][][][][][][][][][][][][][][][][][][][][][][][][][][][][][][][][][][][][][][][
][][][][][][][][][][] 
 []


Overfull \hbox (3.8243pt too wide) in paragraph at lines 536--550
[][] 
 []

) (./chapter2/section2/subsection4.tex
\openout5 = `sicpy-86.cpt'.

 (./sicpy-86.cpt)
<../static/img_original/2.9.svg.pdf, id=3041, 625.95857pt x 284.52296pt>
File: ../static/img_original/2.9.svg.pdf Graphic file (type pdf)
<use ../static/img_original/2.9.svg.pdf>
Package pdftex.def Info: ../static/img_original/2.9.svg.pdf  used on input line
 12.
(pdftex.def)             Requested size: 312.97852pt x 142.26112pt.


Package fancyhdr Warning: \footskip is too small (0.0pt): 
(fancyhdr)                Make it at least 3.90004pt, for example:
(fancyhdr)                \setlength{\footskip}{3.90004pt}.

[103]
<../static/img_original/2.10.svg.pdf, id=3071, 280.84924pt x 279.71503pt>
File: ../static/img_original/2.10.svg.pdf Graphic file (type pdf)
<use ../static/img_original/2.10.svg.pdf>
Package pdftex.def Info: ../static/img_original/2.10.svg.pdf  used on input lin
e 29.
(pdftex.def)             Requested size: 280.84854pt x 279.71432pt.
\openout5 = `sicpy-87.cpt'.

 (./sicpy-87.cpt)
<../static/img_original/2.11.svg.pdf, id=3077, 296.57802pt x 296.03598pt>
File: ../static/img_original/2.11.svg.pdf Graphic file (type pdf)
<use ../static/img_original/2.11.svg.pdf>
Package pdftex.def Info: ../static/img_original/2.11.svg.pdf  used on input lin
e 51.
(pdftex.def)             Requested size: 296.57729pt x 296.03525pt.


Package fancyhdr Warning: \footskip is too small (0.0pt): 
(fancyhdr)                Make it at least 3.90004pt, for example:
(fancyhdr)                \setlength{\footskip}{3.90004pt}.

[104 <../static/img_original/2.9.svg.pdf>]
Overfull \vbox (0.81433pt too high) has occurred while \output is active []



Package fancyhdr Warning: \footskip is too small (0.0pt): 
(fancyhdr)                Make it at least 3.90004pt, for example:
(fancyhdr)                \setlength{\footskip}{3.90004pt}.

[105 <../static/img_original/2.10.svg.pdf>]

Package fancyhdr Warning: \footskip is too small (0.0pt): 
(fancyhdr)                Make it at least 3.90004pt, for example:
(fancyhdr)                \setlength{\footskip}{3.90004pt}.

[106 <../static/img_original/2.11.svg.pdf>]
<../static/img_original/2.12.svg.pdf, id=3109, 542.09528pt x 239.84605pt>
File: ../static/img_original/2.12.svg.pdf Graphic file (type pdf)
<use ../static/img_original/2.12.svg.pdf>
Package pdftex.def Info: ../static/img_original/2.12.svg.pdf  used on input lin
e 78.
(pdftex.def)             Requested size: 271.04697pt x 119.92273pt.
<../static/img_javascript/ch2-Z-G-37.svg.pdf, id=3111, 600.30272pt x 313.18005p
t>
File: ../static/img_javascript/ch2-Z-G-37.svg.pdf Graphic file (type pdf)
<use ../static/img_javascript/ch2-Z-G-37.svg.pdf>
Package pdftex.def Info: ../static/img_javascript/ch2-Z-G-37.svg.pdf  used on i
nput line 107.
(pdftex.def)             Requested size: 354.17552pt x 184.77461pt.


Package fancyhdr Warning: \footskip is too small (0.0pt): 
(fancyhdr)                Make it at least 3.90004pt, for example:
(fancyhdr)                \setlength{\footskip}{3.90004pt}.

[107 <../static/img_original/2.12.svg.pdf>]
<../static/img_javascript/2.14.svg.pdf, id=3143, 654.41486pt x 677.9729pt>
File: ../static/img_javascript/2.14.svg.pdf Graphic file (type pdf)
<use ../static/img_javascript/2.14.svg.pdf>
Package pdftex.def Info: ../static/img_javascript/2.14.svg.pdf  used on input l
ine 137.
(pdftex.def)             Requested size: 294.48396pt x 305.08498pt.
\openout5 = `sicpy-88.cpt'.

 (./sicpy-88.cpt)

Package fancyhdr Warning: \footskip is too small (0.0pt): 
(fancyhdr)                Make it at least 3.90004pt, for example:
(fancyhdr)                \setlength{\footskip}{3.90004pt}.

[108 <../static/img_javascript/ch2-Z-G-37.svg.pdf>]

Package fancyhdr Warning: \footskip is too small (0.0pt): 
(fancyhdr)                Make it at least 3.90004pt, for example:
(fancyhdr)                \setlength{\footskip}{3.90004pt}.

[109 <../static/img_javascript/2.14.svg.pdf>]
\openout5 = `sicpy-89.cpt'.

 (./sicpy-89.cpt)
\openout5 = `sicpy-90.cpt'.

 (./sicpy-90.cpt)
<../static/img_original/ch2-Z-G-42.svg.pdf, id=3195, 491.04453pt x 220.47368pt>

File: ../static/img_original/ch2-Z-G-42.svg.pdf Graphic file (type pdf)
<use ../static/img_original/ch2-Z-G-42.svg.pdf>
Package pdftex.def Info: ../static/img_original/ch2-Z-G-42.svg.pdf  used on inp
ut line 222.
(pdftex.def)             Requested size: 343.72882pt x 154.3305pt.

Package fancyhdr Warning: \footskip is too small (0.0pt): 
(fancyhdr)                Make it at least 3.90004pt, for example:
(fancyhdr)                \setlength{\footskip}{3.90004pt}.

[110]
\openout5 = `sicpy-91.cpt'.

 (./sicpy-91.cpt)

Package fancyhdr Warning: \footskip is too small (0.0pt): 
(fancyhdr)                Make it at least 3.90004pt, for example:
(fancyhdr)                \setlength{\footskip}{3.90004pt}.

[111 <../static/img_original/ch2-Z-G-42.svg.pdf>]
\openout5 = `sicpy-92.cpt'.

 (./sicpy-92.cpt)
\openout5 = `sicpy-93.cpt'.


(./sicpy-93.cpt)

Package fancyhdr Warning: \footskip is too small (0.0pt): 
(fancyhdr)                Make it at least 3.90004pt, for example:
(fancyhdr)                \setlength{\footskip}{3.90004pt}.

[112]

Package fancyhdr Warning: \footskip is too small (0.0pt): 
(fancyhdr)                Make it at least 3.90004pt, for example:
(fancyhdr)                \setlength{\footskip}{3.90004pt}.

[113]
\openout5 = `sicpy-94.cpt'.

 (./sicpy-94.cpt)
\openout5 = `sicpy-95.cpt'.

 (./sicpy-95.cpt)

Package fancyhdr Warning: \footskip is too small (0.0pt): 
(fancyhdr)                Make it at least 3.90004pt, for example:
(fancyhdr)                \setlength{\footskip}{3.90004pt}.

[114]
\openout5 = `sicpy-96.cpt'.

 (./sicpy-96.cpt)

Package fancyhdr Warning: \footskip is too small (0.0pt): 
(fancyhdr)                Make it at least 3.90004pt, for example:
(fancyhdr)                \setlength{\footskip}{3.90004pt}.

[115])) (./chapter2/section3/section3.tex (./chapter2/section3/subsection1.tex

Package fancyhdr Warning: \footskip is too small (0.0pt): 
(fancyhdr)                Make it at least 3.90004pt, for example:
(fancyhdr)                \setlength{\footskip}{3.90004pt}.

[116]
\openout5 = `sicpy-97.cpt'.

 (./sicpy-97.cpt)

Package fancyhdr Warning: \footskip is too small (0.0pt): 
(fancyhdr)                Make it at least 3.90004pt, for example:
(fancyhdr)                \setlength{\footskip}{3.90004pt}.

[117]
Overfull \hbox (91.62714pt too wide) in paragraph at lines 95--96
[][][][][][][][][][][][][][][][][][][][][][][][][][][][][][][][][][][][][][][][
][][][][][][][][][][][][][][][][][][] 
 []


Overfull \hbox (92.75903pt too wide) in paragraph at lines 93--97
[] 
 []


Overfull \hbox (127.64206pt too wide) in paragraph at lines 100--101
[][][][][][][][][][][][][][][][][][][][][][][][][][][][][][][][][][][][][][][][
][][][][][][][][][][][][][][][][][][][][] 
 []


Overfull \hbox (128.77396pt too wide) in paragraph at lines 98--102
[] 
 []

LaTeX Font Info:    Trying to load font information for TS1+lmtt on input line 
141.
(/usr/share/texmf/tex/latex/lm/ts1lmtt.fd
File: ts1lmtt.fd 2015/05/01 v1.6.1 Font defs for Latin Modern
)
Package microtype Info: Loading generic protrusion settings for font family
(microtype)             `lmtt' (encoding: TS1).
(microtype)             For optimal results, create family-specific settings.
(microtype)             See the microtype manual for details.
Package microtype Info: Character `texttrademark ' is missing
(microtype)             in font `TS1/lmtt/m/n/9.5'.
(microtype)             Ignoring protrusion settings for this character.
Package microtype Info: Character `texttrademark ' is missing
(microtype)             in font `TS1/lmtt/m/n/9'.
(microtype)             Ignoring protrusion settings for this character.
)
(./chapter2/section3/subsection2.tex
\openout5 = `sicpy-98.cpt'.

 (./sicpy-98.cpt)

Package fancyhdr Warning: \footskip is too small (0.0pt): 
(fancyhdr)                Make it at least 3.90004pt, for example:
(fancyhdr)                \setlength{\footskip}{3.90004pt}.

[118{/usr/share/texmf/fonts/enc/dvips/lm/lm-ts1.enc}]

Package fancyhdr Warning: \footskip is too small (0.0pt): 
(fancyhdr)                Make it at least 3.90004pt, for example:
(fancyhdr)                \setlength{\footskip}{3.90004pt}.

[119]

Package fancyhdr Warning: \footskip is too small (0.0pt): 
(fancyhdr)                Make it at least 3.90004pt, for example:
(fancyhdr)                \setlength{\footskip}{3.90004pt}.

[120]

Package fancyhdr Warning: \footskip is too small (0.0pt): 
(fancyhdr)                Make it at least 3.90004pt, for example:
(fancyhdr)                \setlength{\footskip}{3.90004pt}.

[121]

Package fancyhdr Warning: \footskip is too small (0.0pt): 
(fancyhdr)                Make it at least 3.90004pt, for example:
(fancyhdr)                \setlength{\footskip}{3.90004pt}.

[122]

Package fancyhdr Warning: \footskip is too small (0.0pt): 
(fancyhdr)                Make it at least 3.90004pt, for example:
(fancyhdr)                \setlength{\footskip}{3.90004pt}.

[123]) (./chapter2/section3/subsection3.tex
\openout5 = `sicpy-99.cpt'.

 (./sicpy-99.cpt)

Package fancyhdr Warning: \footskip is too small (0.0pt): 
(fancyhdr)                Make it at least 3.90004pt, for example:
(fancyhdr)                \setlength{\footskip}{3.90004pt}.

[124]

Package fancyhdr Warning: \footskip is too small (0.0pt): 
(fancyhdr)                Make it at least 3.90004pt, for example:
(fancyhdr)                \setlength{\footskip}{3.90004pt}.

[125]

Package fancyhdr Warning: \footskip is too small (0.0pt): 
(fancyhdr)                Make it at least 3.90004pt, for example:
(fancyhdr)                \setlength{\footskip}{3.90004pt}.

[126]

Package fancyhdr Warning: \footskip is too small (0.0pt): 
(fancyhdr)                Make it at least 3.90004pt, for example:
(fancyhdr)                \setlength{\footskip}{3.90004pt}.

[127]
<../static/img_original/ch2-Z-G-51.svg.pdf, id=3661, 400.49625pt x 187.45032pt>

File: ../static/img_original/ch2-Z-G-51.svg.pdf Graphic file (type pdf)
<use ../static/img_original/ch2-Z-G-51.svg.pdf>
Package pdftex.def Info: ../static/img_original/ch2-Z-G-51.svg.pdf  used on inp
ut line 137.
(pdftex.def)             Requested size: 236.29074pt x 110.59471pt.
\openout5 = `sicpy-100.cpt'.

 (./sicpy-100.cpt)
\openout5 = `sicpy-101.cpt'.

 (./sicpy-101.cpt)

Package fancyhdr Warning: \footskip is too small (0.0pt): 
(fancyhdr)                Make it at least 3.90004pt, for example:
(fancyhdr)                \setlength{\footskip}{3.90004pt}.

[128 <../static/img_original/ch2-Z-G-51.svg.pdf>]
\openout5 = `sicpy-102.cpt'.

 (./sicpy-102.cpt)

Package fancyhdr Warning: \footskip is too small (0.0pt): 
(fancyhdr)                Make it at least 3.90004pt, for example:
(fancyhdr)                \setlength{\footskip}{3.90004pt}.

[129]
<../static/img_original/ch2-Z-G-52.svg.pdf, id=3724, 232.61906pt x 231.11343pt>

File: ../static/img_original/ch2-Z-G-52.svg.pdf Graphic file (type pdf)
<use ../static/img_original/ch2-Z-G-52.svg.pdf>
Package pdftex.def Info: ../static/img_original/ch2-Z-G-52.svg.pdf  used on inp
ut line 247.
(pdftex.def)             Requested size: 137.24405pt x 136.35574pt.


Package fancyhdr Warning: \footskip is too small (0.0pt): 
(fancyhdr)                Make it at least 3.90004pt, for example:
(fancyhdr)                \setlength{\footskip}{3.90004pt}.

[130]
Overfull \hbox (44.91817pt too wide) in paragraph at lines 276--276
\T1/ptm/m/n/10 (-10) Draw the tree pro-duced by [][][] for the linked list [][]
[][][][][][][][][][][][]. 
 []

\openout5 = `sicpy-103.cpt'.

(./sicpy-103.cpt)

Package fancyhdr Warning: \footskip is too small (0.0pt): 
(fancyhdr)                Make it at least 3.90004pt, for example:
(fancyhdr)                \setlength{\footskip}{3.90004pt}.

[131 <../static/img_original/ch2-Z-G-52.svg.pdf>])
(./chapter2/section3/subsection4.tex

Package fancyhdr Warning: \footskip is too small (0.0pt): 
(fancyhdr)                Make it at least 3.90004pt, for example:
(fancyhdr)                \setlength{\footskip}{3.90004pt}.

[132]
<../static/img_original/ch2-Z-G-53.svg.pdf, id=3805, 462.22687pt x 307.1475pt>
File: ../static/img_original/ch2-Z-G-53.svg.pdf Graphic file (type pdf)
<use ../static/img_original/ch2-Z-G-53.svg.pdf>
Package pdftex.def Info: ../static/img_original/ch2-Z-G-53.svg.pdf  used on inp
ut line 77.
(pdftex.def)             Requested size: 300.44391pt x 199.6435pt.


Package fancyhdr Warning: \footskip is too small (0.0pt): 
(fancyhdr)                Make it at least 3.90004pt, for example:
(fancyhdr)                \setlength{\footskip}{3.90004pt}.

[133]
\openout5 = `sicpy-104.cpt'.

 (./sicpy-104.cpt)

Package fancyhdr Warning: \footskip is too small (0.0pt): 
(fancyhdr)                Make it at least 3.90004pt, for example:
(fancyhdr)                \setlength{\footskip}{3.90004pt}.

[134 <../static/img_original/ch2-Z-G-53.svg.pdf>]

Package fancyhdr Warning: \footskip is too small (0.0pt): 
(fancyhdr)                Make it at least 3.90004pt, for example:
(fancyhdr)                \setlength{\footskip}{3.90004pt}.

[135]

Package fancyhdr Warning: \footskip is too small (0.0pt): 
(fancyhdr)                Make it at least 3.90004pt, for example:
(fancyhdr)                \setlength{\footskip}{3.90004pt}.

[136]

Package fancyhdr Warning: \footskip is too small (0.0pt): 
(fancyhdr)                Make it at least 3.90004pt, for example:
(fancyhdr)                \setlength{\footskip}{3.90004pt}.

[137]

Package fancyhdr Warning: \footskip is too small (0.0pt): 
(fancyhdr)                Make it at least 3.90004pt, for example:
(fancyhdr)                \setlength{\footskip}{3.90004pt}.

[138])) (./chapter2/section4/section4.tex

Package fancyhdr Warning: \footskip is too small (0.0pt): 
(fancyhdr)                Make it at least 3.90004pt, for example:
(fancyhdr)                \setlength{\footskip}{3.90004pt}.

[139]
<../static/img_javascript/ch2-Z-G-54.svg.pdf, id=3958, 352.31625pt x 265.74281p
t>
File: ../static/img_javascript/ch2-Z-G-54.svg.pdf Graphic file (type pdf)
<use ../static/img_javascript/ch2-Z-G-54.svg.pdf>
Package pdftex.def Info: ../static/img_javascript/ch2-Z-G-54.svg.pdf  used on i
nput line 38.
(pdftex.def)             Requested size: 229.00284pt x 172.73077pt.


Package fancyhdr Warning: \footskip is too small (0.0pt): 
(fancyhdr)                Make it at least 3.90004pt, for example:
(fancyhdr)                \setlength{\footskip}{3.90004pt}.

[140] (./chapter2/section4/subsection1.tex
\openout5 = `sicpy-105.cpt'.

 (./sicpy-105.cpt)

Package fancyhdr Warning: \footskip is too small (0.0pt): 
(fancyhdr)                Make it at least 3.90004pt, for example:
(fancyhdr)                \setlength{\footskip}{3.90004pt}.

[141 <../static/img_javascript/ch2-Z-G-54.svg.pdf>]
<../static/img_original/ch2-Z-G-59.svg.pdf, id=3984, 453.19313pt x 268.00125pt>

File: ../static/img_original/ch2-Z-G-59.svg.pdf Graphic file (type pdf)
<use ../static/img_original/ch2-Z-G-59.svg.pdf>
Package pdftex.def Info: ../static/img_original/ch2-Z-G-59.svg.pdf  used on inp
ut line 41.
(pdftex.def)             Requested size: 267.38162pt x 158.11935pt.


Package fancyhdr Warning: \footskip is too small (0.0pt): 
(fancyhdr)                Make it at least 3.90004pt, for example:
(fancyhdr)                \setlength{\footskip}{3.90004pt}.

[142 <../static/img_original/ch2-Z-G-59.svg.pdf>]
\openout5 = `sicpy-106.cpt'.

 (./sicpy-106.cpt)

Package fancyhdr Warning: \footskip is too small (0.0pt): 
(fancyhdr)                Make it at least 3.90004pt, for example:
(fancyhdr)                \setlength{\footskip}{3.90004pt}.

[143]) (./chapter2/section4/subsection2.tex

Package fancyhdr Warning: \footskip is too small (0.0pt): 
(fancyhdr)                Make it at least 3.90004pt, for example:
(fancyhdr)                \setlength{\footskip}{3.90004pt}.

[144]

Package fancyhdr Warning: \footskip is too small (0.0pt): 
(fancyhdr)                Make it at least 3.90004pt, for example:
(fancyhdr)                \setlength{\footskip}{3.90004pt}.

[145]

Package fancyhdr Warning: \footskip is too small (0.0pt): 
(fancyhdr)                Make it at least 3.90004pt, for example:
(fancyhdr)                \setlength{\footskip}{3.90004pt}.

[146]
<../static/img_javascript/ch2-Z-G-62.svg.pdf, id=4144, 516.28883pt x 292.84406p
t>
File: ../static/img_javascript/ch2-Z-G-62.svg.pdf Graphic file (type pdf)
<use ../static/img_javascript/ch2-Z-G-62.svg.pdf>
Package pdftex.def Info: ../static/img_javascript/ch2-Z-G-62.svg.pdf  used on i
nput line 151.
(pdftex.def)             Requested size: 335.58376pt x 190.34637pt.
) (./chapter2/section4/subsection3.tex

Package fancyhdr Warning: \footskip is too small (0.0pt): 
(fancyhdr)                Make it at least 3.90004pt, for example:
(fancyhdr)                \setlength{\footskip}{3.90004pt}.

[147 <../static/img_javascript/ch2-Z-G-62.svg.pdf>]

Package fancyhdr Warning: \footskip is too small (0.0pt): 
(fancyhdr)                Make it at least 3.90004pt, for example:
(fancyhdr)                \setlength{\footskip}{3.90004pt}.

[148]
<../static/img_javascript/ch2-Z-G-63.svg.pdf, id=4174, 551.81157pt x 182.93344p
t>
File: ../static/img_javascript/ch2-Z-G-63.svg.pdf Graphic file (type pdf)
<use ../static/img_javascript/ch2-Z-G-63.svg.pdf>
Package pdftex.def Info: ../static/img_javascript/ch2-Z-G-63.svg.pdf  used on i
nput line 34.
(pdftex.def)             Requested size: 325.56601pt x 107.92978pt.


Package fancyhdr Warning: \footskip is too small (0.0pt): 
(fancyhdr)                Make it at least 3.90004pt, for example:
(fancyhdr)                \setlength{\footskip}{3.90004pt}.

[149 <../static/img_javascript/ch2-Z-G-63.svg.pdf>]
\openout5 = `sicpy-107.cpt'.

 (./sicpy-107.cpt)
\openout5 = `sicpy-108.cpt'.


(./sicpy-108.cpt)

Package fancyhdr Warning: \footskip is too small (0.0pt): 
(fancyhdr)                Make it at least 3.90004pt, for example:
(fancyhdr)                \setlength{\footskip}{3.90004pt}.

[150]
\openout5 = `sicpy-109.cpt'.

 (./sicpy-109.cpt)

Package fancyhdr Warning: \footskip is too small (0.0pt): 
(fancyhdr)                Make it at least 3.90004pt, for example:
(fancyhdr)                \setlength{\footskip}{3.90004pt}.

[151]

Package fancyhdr Warning: \footskip is too small (0.0pt): 
(fancyhdr)                Make it at least 3.90004pt, for example:
(fancyhdr)                \setlength{\footskip}{3.90004pt}.

[152]

Package fancyhdr Warning: \footskip is too small (0.0pt): 
(fancyhdr)                Make it at least 3.90004pt, for example:
(fancyhdr)                \setlength{\footskip}{3.90004pt}.

[153]
\openout5 = `sicpy-110.cpt'.

 (./sicpy-110.cpt)

Package fancyhdr Warning: \footskip is too small (0.0pt): 
(fancyhdr)                Make it at least 3.90004pt, for example:
(fancyhdr)                \setlength{\footskip}{3.90004pt}.

[154])) (./chapter2/section5/section5.tex
<../static/img_javascript/ch2-Z-G-64.svg.pdf, id=4368, 585.09589pt x 364.9635pt
>
File: ../static/img_javascript/ch2-Z-G-64.svg.pdf Graphic file (type pdf)
<use ../static/img_javascript/ch2-Z-G-64.svg.pdf>
Package pdftex.def Info: ../static/img_javascript/ch2-Z-G-64.svg.pdf  used on i
nput line 15.
(pdftex.def)             Requested size: 351.06024pt x 218.97978pt.
 (./chapter2/section5/subsection1.tex

Package fancyhdr Warning: \footskip is too small (0.0pt): 
(fancyhdr)                Make it at least 3.90004pt, for example:
(fancyhdr)                \setlength{\footskip}{3.90004pt}.

[155]

Package fancyhdr Warning: \footskip is too small (0.0pt): 
(fancyhdr)                Make it at least 3.90004pt, for example:
(fancyhdr)                \setlength{\footskip}{3.90004pt}.

[156 <../static/img_javascript/ch2-Z-G-64.svg.pdf>]

Package fancyhdr Warning: \footskip is too small (0.0pt): 
(fancyhdr)                Make it at least 3.90004pt, for example:
(fancyhdr)                \setlength{\footskip}{3.90004pt}.

[157]

Package fancyhdr Warning: \footskip is too small (0.0pt): 
(fancyhdr)                Make it at least 3.90004pt, for example:
(fancyhdr)                \setlength{\footskip}{3.90004pt}.

[158]
<../static/img_javascript/ch2-Z-G-65.svg.pdf, id=4464, 473.43878pt x 36.6168pt>

File: ../static/img_javascript/ch2-Z-G-65.svg.pdf Graphic file (type pdf)
<use ../static/img_javascript/ch2-Z-G-65.svg.pdf>
Package pdftex.def Info: ../static/img_javascript/ch2-Z-G-65.svg.pdf  used on i
nput line 162.
(pdftex.def)             Requested size: 307.73155pt x 23.80063pt.


Package fancyhdr Warning: \footskip is too small (0.0pt): 
(fancyhdr)                Make it at least 3.90004pt, for example:
(fancyhdr)                \setlength{\footskip}{3.90004pt}.

[159]) (./chapter2/section5/subsection2.tex

Package fancyhdr Warning: \footskip is too small (0.0pt): 
(fancyhdr)                Make it at least 3.90004pt, for example:
(fancyhdr)                \setlength{\footskip}{3.90004pt}.

[160 <../static/img_javascript/ch2-Z-G-65.svg.pdf>]
\openout5 = `sicpy-111.cpt'.

 (./sicpy-111.cpt)
Overfull \hbox (0.14923pt too wide) in paragraph at lines 14--22
[][] 
 []


Package fancyhdr Warning: \footskip is too small (0.0pt): 
(fancyhdr)                Make it at least 3.90004pt, for example:
(fancyhdr)                \setlength{\footskip}{3.90004pt}.

[161]
\openout5 = `sicpy-112.cpt'.

 (./sicpy-112.cpt)

Package fancyhdr Warning: \footskip is too small (0.0pt): 
(fancyhdr)                Make it at least 3.90004pt, for example:
(fancyhdr)                \setlength{\footskip}{3.90004pt}.

[162]
\openout5 = `sicpy-113.cpt'.

 (./sicpy-113.cpt)
<../static/img_original/ch2-Z-G-66.svg.pdf, id=4566, 73.77562pt x 197.98969pt>
File: ../static/img_original/ch2-Z-G-66.svg.pdf Graphic file (type pdf)
<use ../static/img_original/ch2-Z-G-66.svg.pdf>
Package pdftex.def Info: ../static/img_original/ch2-Z-G-66.svg.pdf  used on inp
ut line 106.
(pdftex.def)             Requested size: 43.52722pt x 116.8129pt.


Package fancyhdr Warning: \footskip is too small (0.0pt): 
(fancyhdr)                Make it at least 3.90004pt, for example:
(fancyhdr)                \setlength{\footskip}{3.90004pt}.

[163]

Package fancyhdr Warning: \footskip is too small (0.0pt): 
(fancyhdr)                Make it at least 3.90004pt, for example:
(fancyhdr)                \setlength{\footskip}{3.90004pt}.

[164 <../static/img_original/ch2-Z-G-66.svg.pdf>]
\openout5 = `sicpy-114.cpt'.

 (./sicpy-114.cpt)
<../static/img_original/ch2-Z-G-67.svg.pdf, id=4616, 593.96906pt x 385.44pt>
File: ../static/img_original/ch2-Z-G-67.svg.pdf Graphic file (type pdf)
<use ../static/img_original/ch2-Z-G-67.svg.pdf>
Package pdftex.def Info: ../static/img_original/ch2-Z-G-67.svg.pdf  used on inp
ut line 146.
(pdftex.def)             Requested size: 350.4387pt x 227.40762pt.


Package fancyhdr Warning: \footskip is too small (0.0pt): 
(fancyhdr)                Make it at least 3.90004pt, for example:
(fancyhdr)                \setlength{\footskip}{3.90004pt}.

[165]

Package fancyhdr Warning: \footskip is too small (0.0pt): 
(fancyhdr)                Make it at least 3.90004pt, for example:
(fancyhdr)                \setlength{\footskip}{3.90004pt}.

[166 <../static/img_original/ch2-Z-G-67.svg.pdf>]
\openout5 = `sicpy-115.cpt'.

 (./sicpy-115.cpt))
(./chapter2/section5/subsection3.tex

Package fancyhdr Warning: \footskip is too small (0.0pt): 
(fancyhdr)                Make it at least 3.90004pt, for example:
(fancyhdr)                \setlength{\footskip}{3.90004pt}.

[167]
\openout5 = `sicpy-116.cpt'.

 (./sicpy-116.cpt)
\openout5 = `sicpy-117.cpt'.

 (./sicpy-117.cpt)
Overfull \vbox (0.91705pt too high) has occurred while \output is active []



Package fancyhdr Warning: \footskip is too small (0.0pt): 
(fancyhdr)                Make it at least 3.90004pt, for example:
(fancyhdr)                \setlength{\footskip}{3.90004pt}.

[168]
Overfull \hbox (24.74228pt too wide) in paragraph at lines 54--55
[][][][][][][][][][][][][][][][][][][][][][][][][][][][][][][][][][][][][][][][
][][][] 
 []


Overfull \hbox (24.74228pt too wide) in paragraph at lines 59--60
[][][][][][][][][][][][][][][][][][][][][][][][][][][][][][][][][][][][][][][][
][][][] 
 []


Overfull \hbox (25.87418pt too wide) in paragraph at lines 48--61
[][][] 
 []


Package fancyhdr Warning: \footskip is too small (0.0pt): 
(fancyhdr)                Make it at least 3.90004pt, for example:
(fancyhdr)                \setlength{\footskip}{3.90004pt}.

[169]
\openout5 = `sicpy-118.cpt'.

 (./sicpy-118.cpt)

Package fancyhdr Warning: \footskip is too small (0.0pt): 
(fancyhdr)                Make it at least 3.90004pt, for example:
(fancyhdr)                \setlength{\footskip}{3.90004pt}.

[170]
Overfull \hbox (0.14923pt too wide) in paragraph at lines 117--136
[][] 
 []


Package fancyhdr Warning: \footskip is too small (0.0pt): 
(fancyhdr)                Make it at least 3.90004pt, for example:
(fancyhdr)                \setlength{\footskip}{3.90004pt}.

[171]
\openout5 = `sicpy-119.cpt'.

 (./sicpy-119.cpt)
\openout5 = `sicpy-120.cpt'.

 (./sicpy-120.cpt)
\openout5 = `sicpy-121.cpt'.

 (./sicpy-121.cpt)

Package fancyhdr Warning: \footskip is too small (0.0pt): 
(fancyhdr)                Make it at least 3.90004pt, for example:
(fancyhdr)                \setlength{\footskip}{3.90004pt}.

[172]

Package fancyhdr Warning: \footskip is too small (0.0pt): 
(fancyhdr)                Make it at least 3.90004pt, for example:
(fancyhdr)                \setlength{\footskip}{3.90004pt}.

[173]

Package fancyhdr Warning: \footskip is too small (0.0pt): 
(fancyhdr)                Make it at least 3.90004pt, for example:
(fancyhdr)                \setlength{\footskip}{3.90004pt}.

[174]

Package fancyhdr Warning: \footskip is too small (0.0pt): 
(fancyhdr)                Make it at least 3.90004pt, for example:
(fancyhdr)                \setlength{\footskip}{3.90004pt}.

[175]
\openout5 = `sicpy-122.cpt'.

 (./sicpy-122.cpt)

Package fancyhdr Warning: \footskip is too small (0.0pt): 
(fancyhdr)                Make it at least 3.90004pt, for example:
(fancyhdr)                \setlength{\footskip}{3.90004pt}.

[176]
\openout5 = `sicpy-123.cpt'.

 (./sicpy-123.cpt)

Package fancyhdr Warning: \footskip is too small (0.0pt): 
(fancyhdr)                Make it at least 3.90004pt, for example:
(fancyhdr)                \setlength{\footskip}{3.90004pt}.

[177]

Package fancyhdr Warning: \footskip is too small (0.0pt): 
(fancyhdr)                Make it at least 3.90004pt, for example:
(fancyhdr)                \setlength{\footskip}{3.90004pt}.

[178]
\openout5 = `sicpy-124.cpt'.

 (./sicpy-124.cpt))))

Package fancyhdr Warning: \footskip is too small (0.0pt): 
(fancyhdr)                Make it at least 3.90004pt, for example:
(fancyhdr)                \setlength{\footskip}{3.90004pt}.

[179]

Package fancyhdr Warning: \footskip is too small (0.0pt): 
(fancyhdr)                Make it at least 3.90004pt, for example:
(fancyhdr)                \setlength{\footskip}{3.90004pt}.

[180] (./others/06see06.tex) (./others/97references97.tex [542







]
Overfull \hbox (5.44394pt too wide) in paragraph at lines 1--1
[][]  
 []


Package fancyhdr Warning: \footskip is too small (0.0pt): 
(fancyhdr)                Make it at least 3.90004pt, for example:
(fancyhdr)                \setlength{\footskip}{3.90004pt}.

[543]

Package fancyhdr Warning: \footskip is too small (0.0pt): 
(fancyhdr)                Make it at least 3.90004pt, for example:
(fancyhdr)                \setlength{\footskip}{3.90004pt}.

[544]

Package fancyhdr Warning: \footskip is too small (0.0pt): 
(fancyhdr)                Make it at least 3.90004pt, for example:
(fancyhdr)                \setlength{\footskip}{3.90004pt}.

[545]

Package fancyhdr Warning: \footskip is too small (0.0pt): 
(fancyhdr)                Make it at least 3.90004pt, for example:
(fancyhdr)                \setlength{\footskip}{3.90004pt}.

[546]

Package fancyhdr Warning: \footskip is too small (0.0pt): 
(fancyhdr)                Make it at least 3.90004pt, for example:
(fancyhdr)                \setlength{\footskip}{3.90004pt}.

[547])

Package fancyhdr Warning: \footskip is too small (0.0pt): 
(fancyhdr)                Make it at least 3.90004pt, for example:
(fancyhdr)                \setlength{\footskip}{3.90004pt}.

[548]
Overfull \hbox (5.44394pt too wide) in paragraph at lines 887--887
[][]  
 []

(./sicpy.ind [549



]

Package fancyhdr Warning: \footskip is too small (0.0pt): 
(fancyhdr)                Make it at least 3.90004pt, for example:
(fancyhdr)                \setlength{\footskip}{3.90004pt}.

[550]

Package fancyhdr Warning: \footskip is too small (0.0pt): 
(fancyhdr)                Make it at least 3.90004pt, for example:
(fancyhdr)                \setlength{\footskip}{3.90004pt}.

[551]

Package fancyhdr Warning: \footskip is too small (0.0pt): 
(fancyhdr)                Make it at least 3.90004pt, for example:
(fancyhdr)                \setlength{\footskip}{3.90004pt}.

[552]

Package fancyhdr Warning: \footskip is too small (0.0pt): 
(fancyhdr)                Make it at least 3.90004pt, for example:
(fancyhdr)                \setlength{\footskip}{3.90004pt}.

[553]

Package fancyhdr Warning: \footskip is too small (0.0pt): 
(fancyhdr)                Make it at least 3.90004pt, for example:
(fancyhdr)                \setlength{\footskip}{3.90004pt}.

[554]

Package fancyhdr Warning: \footskip is too small (0.0pt): 
(fancyhdr)                Make it at least 3.90004pt, for example:
(fancyhdr)                \setlength{\footskip}{3.90004pt}.

[555]

Package fancyhdr Warning: \footskip is too small (0.0pt): 
(fancyhdr)                Make it at least 3.90004pt, for example:
(fancyhdr)                \setlength{\footskip}{3.90004pt}.

[556]

Package fancyhdr Warning: \footskip is too small (0.0pt): 
(fancyhdr)                Make it at least 3.90004pt, for example:
(fancyhdr)                \setlength{\footskip}{3.90004pt}.

[557]

Package fancyhdr Warning: \footskip is too small (0.0pt): 
(fancyhdr)                Make it at least 3.90004pt, for example:
(fancyhdr)                \setlength{\footskip}{3.90004pt}.

[558]

Package fancyhdr Warning: \footskip is too small (0.0pt): 
(fancyhdr)                Make it at least 3.90004pt, for example:
(fancyhdr)                \setlength{\footskip}{3.90004pt}.

[559]

Package fancyhdr Warning: \footskip is too small (0.0pt): 
(fancyhdr)                Make it at least 3.90004pt, for example:
(fancyhdr)                \setlength{\footskip}{3.90004pt}.

[560]

Package fancyhdr Warning: \footskip is too small (0.0pt): 
(fancyhdr)                Make it at least 3.90004pt, for example:
(fancyhdr)                \setlength{\footskip}{3.90004pt}.

[561]

Package fancyhdr Warning: \footskip is too small (0.0pt): 
(fancyhdr)                Make it at least 3.90004pt, for example:
(fancyhdr)                \setlength{\footskip}{3.90004pt}.

[562]

Package fancyhdr Warning: \footskip is too small (0.0pt): 
(fancyhdr)                Make it at least 3.90004pt, for example:
(fancyhdr)                \setlength{\footskip}{3.90004pt}.

[563]

Package fancyhdr Warning: \footskip is too small (0.0pt): 
(fancyhdr)                Make it at least 3.90004pt, for example:
(fancyhdr)                \setlength{\footskip}{3.90004pt}.

[564])

Package fancyhdr Warning: \footskip is too small (0.0pt): 
(fancyhdr)                Make it at least 3.90004pt, for example:
(fancyhdr)                \setlength{\footskip}{3.90004pt}.

[565]

Package fancyhdr Warning: \footskip is too small (0.0pt): 
(fancyhdr)                Make it at least 3.90004pt, for example:
(fancyhdr)                \setlength{\footskip}{3.90004pt}.

[566]
Overfull \hbox (5.44394pt too wide) in paragraph at lines 895--895
[][]  
 []

(./sicpy.loe [567


])
\tf@loe=\write9
\openout9 = `sicpy.loe'.



Package fancyhdr Warning: \footskip is too small (0.0pt): 
(fancyhdr)                Make it at least 3.90004pt, for example:
(fancyhdr)                \setlength{\footskip}{3.90004pt}.

[568] (./sicpy.aux (./chapter1/chapter1.aux) (./chapter2/chapter2.aux)
(./chapter3/chapter3.aux) (./chapter4/chapter4.aux) (./chapter5/chapter5.aux))
 ***********
LaTeX2e <2023-11-01> patch level 1
L3 programming layer <2024-01-22>
 ***********
Package rerunfilecheck Info: File `sicpy.out' has not changed.
(rerunfilecheck)             Checksum: 4D8CD6BF4012449704A5A939846B2C05;12441.
 ) 
Here is how much of TeX's memory you used:
 42378 strings out of 476182
 766936 string characters out of 5795596
 2026975 words of memory out of 5000000
 58634 multiletter control sequences out of 15000+600000
 865170 words of font info for 943 fonts, out of 8000000 for 9000
 28 hyphenation exceptions out of 8191
 99i,19n,117p,3172b,1898s stack positions out of 10000i,1000n,20000p,200000b,200000s

pdfTeX warning (dest): name{section*.632} has been referenced but does not exis
t, replaced by a fixed one


pdfTeX warning (dest): name{section*.631} has been referenced but does not exis
t, replaced by a fixed one


pdfTeX warning (dest): name{section*.630} has been referenced but does not exis
t, replaced by a fixed one


pdfTeX warning (dest): name{section*.629} has been referenced but does not exis
t, replaced by a fixed one


pdfTeX warning (dest): name{section*.628} has been referenced but does not exis
t, replaced by a fixed one


pdfTeX warning (dest): name{section*.627} has been referenced but does not exis
t, replaced by a fixed one


pdfTeX warning (dest): name{section*.626} has been referenced but does not exis
t, replaced by a fixed one


pdfTeX warning (dest): name{section*.625} has been referenced but does not exis
t, replaced by a fixed one


pdfTeX warning (dest): name{section*.623} has been referenced but does not exis
t, replaced by a fixed one


pdfTeX warning (dest): name{section*.622} has been referenced but does not exis
t, replaced by a fixed one


pdfTeX warning (dest): name{section*.621} has been referenced but does not exis
t, replaced by a fixed one


pdfTeX warning (dest): name{section*.620} has been referenced but does not exis
t, replaced by a fixed one


pdfTeX warning (dest): name{section*.619} has been referenced but does not exis
t, replaced by a fixed one


pdfTeX warning (dest): name{section*.618} has been referenced but does not exis
t, replaced by a fixed one


pdfTeX warning (dest): name{section*.617} has been referenced but does not exis
t, replaced by a fixed one


pdfTeX warning (dest): name{section*.616} has been referenced but does not exis
t, replaced by a fixed one


pdfTeX warning (dest): name{section*.615} has been referenced but does not exis
t, replaced by a fixed one


pdfTeX warning (dest): name{section*.612} has been referenced but does not exis
t, replaced by a fixed one


pdfTeX warning (dest): name{section*.611} has been referenced but does not exis
t, replaced by a fixed one


pdfTeX warning (dest): name{section*.610} has been referenced but does not exis
t, replaced by a fixed one


pdfTeX warning (dest): name{section*.604} has been referenced but does not exis
t, replaced by a fixed one


pdfTeX warning (dest): name{section*.603} has been referenced but does not exis
t, replaced by a fixed one


pdfTeX warning (dest): name{section*.596} has been referenced but does not exis
t, replaced by a fixed one


pdfTeX warning (dest): name{section*.595} has been referenced but does not exis
t, replaced by a fixed one


pdfTeX warning (dest): name{section*.591} has been referenced but does not exis
t, replaced by a fixed one


pdfTeX warning (dest): name{section*.590} has been referenced but does not exis
t, replaced by a fixed one


pdfTeX warning (dest): name{section*.589} has been referenced but does not exis
t, replaced by a fixed one


pdfTeX warning (dest): name{section*.588} has been referenced but does not exis
t, replaced by a fixed one


pdfTeX warning (dest): name{section*.587} has been referenced but does not exis
t, replaced by a fixed one


pdfTeX warning (dest): name{section*.585} has been referenced but does not exis
t, replaced by a fixed one


pdfTeX warning (dest): name{section*.584} has been referenced but does not exis
t, replaced by a fixed one


pdfTeX warning (dest): name{section*.581} has been referenced but does not exis
t, replaced by a fixed one


pdfTeX warning (dest): name{section*.580} has been referenced but does not exis
t, replaced by a fixed one


pdfTeX warning (dest): name{section*.579} has been referenced but does not exis
t, replaced by a fixed one


pdfTeX warning (dest): name{section*.569} has been referenced but does not exis
t, replaced by a fixed one


pdfTeX warning (dest): name{section*.568} has been referenced but does not exis
t, replaced by a fixed one


pdfTeX warning (dest): name{section*.567} has been referenced but does not exis
t, replaced by a fixed one


pdfTeX warning (dest): name{section*.562} has been referenced but does not exis
t, replaced by a fixed one


pdfTeX warning (dest): name{section*.561} has been referenced but does not exis
t, replaced by a fixed one


pdfTeX warning (dest): name{section*.560} has been referenced but does not exis
t, replaced by a fixed one


pdfTeX warning (dest): name{section*.559} has been referenced but does not exis
t, replaced by a fixed one


pdfTeX warning (dest): name{section*.558} has been referenced but does not exis
t, replaced by a fixed one


pdfTeX warning (dest): name{section*.557} has been referenced but does not exis
t, replaced by a fixed one


pdfTeX warning (dest): name{section*.556} has been referenced but does not exis
t, replaced by a fixed one


pdfTeX warning (dest): name{section*.555} has been referenced but does not exis
t, replaced by a fixed one


pdfTeX warning (dest): name{section*.554} has been referenced but does not exis
t, replaced by a fixed one


pdfTeX warning (dest): name{section*.553} has been referenced but does not exis
t, replaced by a fixed one


pdfTeX warning (dest): name{section*.548} has been referenced but does not exis
t, replaced by a fixed one


pdfTeX warning (dest): name{section*.543} has been referenced but does not exis
t, replaced by a fixed one


pdfTeX warning (dest): name{section*.542} has been referenced but does not exis
t, replaced by a fixed one


pdfTeX warning (dest): name{section*.541} has been referenced but does not exis
t, replaced by a fixed one


pdfTeX warning (dest): name{section*.540} has been referenced but does not exis
t, replaced by a fixed one


pdfTeX warning (dest): name{section*.532} has been referenced but does not exis
t, replaced by a fixed one


pdfTeX warning (dest): name{section*.526} has been referenced but does not exis
t, replaced by a fixed one


pdfTeX warning (dest): name{section*.524} has been referenced but does not exis
t, replaced by a fixed one


pdfTeX warning (dest): name{section*.522} has been referenced but does not exis
t, replaced by a fixed one


pdfTeX warning (dest): name{section*.521} has been referenced but does not exis
t, replaced by a fixed one


pdfTeX warning (dest): name{section*.520} has been referenced but does not exis
t, replaced by a fixed one


pdfTeX warning (dest): name{section*.519} has been referenced but does not exis
t, replaced by a fixed one


pdfTeX warning (dest): name{section*.518} has been referenced but does not exis
t, replaced by a fixed one


pdfTeX warning (dest): name{section*.517} has been referenced but does not exis
t, replaced by a fixed one


pdfTeX warning (dest): name{section*.516} has been referenced but does not exis
t, replaced by a fixed one


pdfTeX warning (dest): name{section*.515} has been referenced but does not exis
t, replaced by a fixed one


pdfTeX warning (dest): name{section*.514} has been referenced but does not exis
t, replaced by a fixed one


pdfTeX warning (dest): name{section*.504} has been referenced but does not exis
t, replaced by a fixed one


pdfTeX warning (dest): name{section*.503} has been referenced but does not exis
t, replaced by a fixed one


pdfTeX warning (dest): name{section*.502} has been referenced but does not exis
t, replaced by a fixed one


pdfTeX warning (dest): name{section*.501} has been referenced but does not exis
t, replaced by a fixed one


pdfTeX warning (dest): name{section*.500} has been referenced but does not exis
t, replaced by a fixed one


pdfTeX warning (dest): name{section*.499} has been referenced but does not exis
t, replaced by a fixed one


pdfTeX warning (dest): name{section*.486} has been referenced but does not exis
t, replaced by a fixed one


pdfTeX warning (dest): name{section*.485} has been referenced but does not exis
t, replaced by a fixed one


pdfTeX warning (dest): name{section*.484} has been referenced but does not exis
t, replaced by a fixed one


pdfTeX warning (dest): name{section*.482} has been referenced but does not exis
t, replaced by a fixed one


pdfTeX warning (dest): name{section*.481} has been referenced but does not exis
t, replaced by a fixed one


pdfTeX warning (dest): name{section*.480} has been referenced but does not exis
t, replaced by a fixed one


pdfTeX warning (dest): name{section*.479} has been referenced but does not exis
t, replaced by a fixed one


pdfTeX warning (dest): name{section*.477} has been referenced but does not exis
t, replaced by a fixed one


pdfTeX warning (dest): name{section*.475} has been referenced but does not exis
t, replaced by a fixed one


pdfTeX warning (dest): name{section*.472} has been referenced but does not exis
t, replaced by a fixed one


pdfTeX warning (dest): name{section*.471} has been referenced but does not exis
t, replaced by a fixed one


pdfTeX warning (dest): name{section*.470} has been referenced but does not exis
t, replaced by a fixed one


pdfTeX warning (dest): name{section*.469} has been referenced but does not exis
t, replaced by a fixed one


pdfTeX warning (dest): name{section*.468} has been referenced but does not exis
t, replaced by a fixed one


pdfTeX warning (dest): name{section*.458} has been referenced but does not exis
t, replaced by a fixed one


pdfTeX warning (dest): name{section*.457} has been referenced but does not exis
t, replaced by a fixed one


pdfTeX warning (dest): name{section*.456} has been referenced but does not exis
t, replaced by a fixed one


pdfTeX warning (dest): name{section*.455} has been referenced but does not exis
t, replaced by a fixed one


pdfTeX warning (dest): name{section*.454} has been referenced but does not exis
t, replaced by a fixed one


pdfTeX warning (dest): name{section*.452} has been referenced but does not exis
t, replaced by a fixed one


pdfTeX warning (dest): name{section*.451} has been referenced but does not exis
t, replaced by a fixed one


pdfTeX warning (dest): name{section*.450} has been referenced but does not exis
t, replaced by a fixed one


pdfTeX warning (dest): name{section*.449} has been referenced but does not exis
t, replaced by a fixed one


pdfTeX warning (dest): name{section*.448} has been referenced but does not exis
t, replaced by a fixed one


pdfTeX warning (dest): name{section*.447} has been referenced but does not exis
t, replaced by a fixed one


pdfTeX warning (dest): name{section*.446} has been referenced but does not exis
t, replaced by a fixed one


pdfTeX warning (dest): name{section*.444} has been referenced but does not exis
t, replaced by a fixed one


pdfTeX warning (dest): name{section*.443} has been referenced but does not exis
t, replaced by a fixed one


pdfTeX warning (dest): name{section*.442} has been referenced but does not exis
t, replaced by a fixed one


pdfTeX warning (dest): name{section*.440} has been referenced but does not exis
t, replaced by a fixed one


pdfTeX warning (dest): name{section*.439} has been referenced but does not exis
t, replaced by a fixed one


pdfTeX warning (dest): name{section*.438} has been referenced but does not exis
t, replaced by a fixed one


pdfTeX warning (dest): name{section*.437} has been referenced but does not exis
t, replaced by a fixed one


pdfTeX warning (dest): name{section*.436} has been referenced but does not exis
t, replaced by a fixed one


pdfTeX warning (dest): name{section*.435} has been referenced but does not exis
t, replaced by a fixed one


pdfTeX warning (dest): name{section*.434} has been referenced but does not exis
t, replaced by a fixed one


pdfTeX warning (dest): name{section*.433} has been referenced but does not exis
t, replaced by a fixed one


pdfTeX warning (dest): name{section*.430} has been referenced but does not exis
t, replaced by a fixed one


pdfTeX warning (dest): name{section*.429} has been referenced but does not exis
t, replaced by a fixed one


pdfTeX warning (dest): name{section*.428} has been referenced but does not exis
t, replaced by a fixed one


pdfTeX warning (dest): name{section*.427} has been referenced but does not exis
t, replaced by a fixed one


pdfTeX warning (dest): name{section*.426} has been referenced but does not exis
t, replaced by a fixed one


pdfTeX warning (dest): name{section*.423} has been referenced but does not exis
t, replaced by a fixed one


pdfTeX warning (dest): name{section*.422} has been referenced but does not exis
t, replaced by a fixed one


pdfTeX warning (dest): name{section*.421} has been referenced but does not exis
t, replaced by a fixed one


pdfTeX warning (dest): name{section*.420} has been referenced but does not exis
t, replaced by a fixed one


pdfTeX warning (dest): name{section*.417} has been referenced but does not exis
t, replaced by a fixed one


pdfTeX warning (dest): name{section*.416} has been referenced but does not exis
t, replaced by a fixed one


pdfTeX warning (dest): name{section*.415} has been referenced but does not exis
t, replaced by a fixed one


pdfTeX warning (dest): name{section*.414} has been referenced but does not exis
t, replaced by a fixed one


pdfTeX warning (dest): name{section*.413} has been referenced but does not exis
t, replaced by a fixed one


pdfTeX warning (dest): name{section*.412} has been referenced but does not exis
t, replaced by a fixed one


pdfTeX warning (dest): name{section*.407} has been referenced but does not exis
t, replaced by a fixed one


pdfTeX warning (dest): name{section*.405} has been referenced but does not exis
t, replaced by a fixed one


pdfTeX warning (dest): name{section*.404} has been referenced but does not exis
t, replaced by a fixed one


pdfTeX warning (dest): name{section*.403} has been referenced but does not exis
t, replaced by a fixed one


pdfTeX warning (dest): name{section*.402} has been referenced but does not exis
t, replaced by a fixed one


pdfTeX warning (dest): name{section*.401} has been referenced but does not exis
t, replaced by a fixed one


pdfTeX warning (dest): name{section*.387} has been referenced but does not exis
t, replaced by a fixed one


pdfTeX warning (dest): name{section*.373} has been referenced but does not exis
t, replaced by a fixed one


pdfTeX warning (dest): name{section*.372} has been referenced but does not exis
t, replaced by a fixed one


pdfTeX warning (dest): name{section*.369} has been referenced but does not exis
t, replaced by a fixed one


pdfTeX warning (dest): name{section*.367} has been referenced but does not exis
t, replaced by a fixed one


pdfTeX warning (dest): name{section*.365} has been referenced but does not exis
t, replaced by a fixed one


pdfTeX warning (dest): name{section*.364} has been referenced but does not exis
t, replaced by a fixed one


pdfTeX warning (dest): name{section*.362} has been referenced but does not exis
t, replaced by a fixed one


pdfTeX warning (dest): name{section*.360} has been referenced but does not exis
t, replaced by a fixed one


pdfTeX warning (dest): name{section*.359} has been referenced but does not exis
t, replaced by a fixed one


pdfTeX warning (dest): name{section*.358} has been referenced but does not exis
t, replaced by a fixed one


pdfTeX warning (dest): name{section*.355} has been referenced but does not exis
t, replaced by a fixed one


pdfTeX warning (dest): name{section*.354} has been referenced but does not exis
t, replaced by a fixed one


pdfTeX warning (dest): name{section*.353} has been referenced but does not exis
t, replaced by a fixed one


pdfTeX warning (dest): name{section*.352} has been referenced but does not exis
t, replaced by a fixed one


pdfTeX warning (dest): name{section*.351} has been referenced but does not exis
t, replaced by a fixed one


pdfTeX warning (dest): name{section*.350} has been referenced but does not exis
t, replaced by a fixed one


pdfTeX warning (dest): name{section*.349} has been referenced but does not exis
t, replaced by a fixed one


pdfTeX warning (dest): name{section*.347} has been referenced but does not exis
t, replaced by a fixed one


pdfTeX warning (dest): name{section*.346} has been referenced but does not exis
t, replaced by a fixed one


pdfTeX warning (dest): name{section*.345} has been referenced but does not exis
t, replaced by a fixed one


pdfTeX warning (dest): name{section*.343} has been referenced but does not exis
t, replaced by a fixed one


pdfTeX warning (dest): name{section*.342} has been referenced but does not exis
t, replaced by a fixed one


pdfTeX warning (dest): name{section*.341} has been referenced but does not exis
t, replaced by a fixed one


pdfTeX warning (dest): name{section*.340} has been referenced but does not exis
t, replaced by a fixed one


pdfTeX warning (dest): name{section*.339} has been referenced but does not exis
t, replaced by a fixed one


pdfTeX warning (dest): name{section*.338} has been referenced but does not exis
t, replaced by a fixed one


pdfTeX warning (dest): name{section*.337} has been referenced but does not exis
t, replaced by a fixed one


pdfTeX warning (dest): name{section*.336} has been referenced but does not exis
t, replaced by a fixed one


pdfTeX warning (dest): name{section*.335} has been referenced but does not exis
t, replaced by a fixed one


pdfTeX warning (dest): name{section*.334} has been referenced but does not exis
t, replaced by a fixed one


pdfTeX warning (dest): name{section*.331} has been referenced but does not exis
t, replaced by a fixed one


pdfTeX warning (dest): name{section*.330} has been referenced but does not exis
t, replaced by a fixed one


pdfTeX warning (dest): name{section*.329} has been referenced but does not exis
t, replaced by a fixed one


pdfTeX warning (dest): name{section*.325} has been referenced but does not exis
t, replaced by a fixed one


pdfTeX warning (dest): name{section*.324} has been referenced but does not exis
t, replaced by a fixed one


pdfTeX warning (dest): name{section*.322} has been referenced but does not exis
t, replaced by a fixed one


pdfTeX warning (dest): name{section*.321} has been referenced but does not exis
t, replaced by a fixed one


pdfTeX warning (dest): name{section*.319} has been referenced but does not exis
t, replaced by a fixed one


pdfTeX warning (dest): name{section*.318} has been referenced but does not exis
t, replaced by a fixed one


pdfTeX warning (dest): name{section*.317} has been referenced but does not exis
t, replaced by a fixed one


pdfTeX warning (dest): name{section*.315} has been referenced but does not exis
t, replaced by a fixed one


pdfTeX warning (dest): name{section*.314} has been referenced but does not exis
t, replaced by a fixed one


pdfTeX warning (dest): name{section*.313} has been referenced but does not exis
t, replaced by a fixed one


pdfTeX warning (dest): name{section*.312} has been referenced but does not exis
t, replaced by a fixed one


pdfTeX warning (dest): name{section*.309} has been referenced but does not exis
t, replaced by a fixed one


pdfTeX warning (dest): name{section*.305} has been referenced but does not exis
t, replaced by a fixed one


pdfTeX warning (dest): name{section*.304} has been referenced but does not exis
t, replaced by a fixed one


pdfTeX warning (dest): name{section*.303} has been referenced but does not exis
t, replaced by a fixed one


pdfTeX warning (dest): name{section*.302} has been referenced but does not exis
t, replaced by a fixed one


pdfTeX warning (dest): name{section*.301} has been referenced but does not exis
t, replaced by a fixed one


pdfTeX warning (dest): name{section*.296} has been referenced but does not exis
t, replaced by a fixed one


pdfTeX warning (dest): name{section*.294} has been referenced but does not exis
t, replaced by a fixed one


pdfTeX warning (dest): name{section*.289} has been referenced but does not exis
t, replaced by a fixed one


pdfTeX warning (dest): name{section*.288} has been referenced but does not exis
t, replaced by a fixed one


pdfTeX warning (dest): name{section*.287} has been referenced but does not exis
t, replaced by a fixed one


pdfTeX warning (dest): name{section*.282} has been referenced but does not exis
t, replaced by a fixed one


pdfTeX warning (dest): name{section*.281} has been referenced but does not exis
t, replaced by a fixed one


pdfTeX warning (dest): name{section*.280} has been referenced but does not exis
t, replaced by a fixed one


pdfTeX warning (dest): name{section*.279} has been referenced but does not exis
t, replaced by a fixed one


pdfTeX warning (dest): name{section*.274} has been referenced but does not exis
t, replaced by a fixed one


pdfTeX warning (dest): name{section*.273} has been referenced but does not exis
t, replaced by a fixed one


pdfTeX warning (dest): name{section*.272} has been referenced but does not exis
t, replaced by a fixed one


pdfTeX warning (dest): name{section*.267} has been referenced but does not exis
t, replaced by a fixed one


pdfTeX warning (dest): name{section*.265} has been referenced but does not exis
t, replaced by a fixed one


pdfTeX warning (dest): name{section*.264} has been referenced but does not exis
t, replaced by a fixed one


pdfTeX warning (dest): name{section*.263} has been referenced but does not exis
t, replaced by a fixed one


pdfTeX warning (dest): name{section*.262} has been referenced but does not exis
t, replaced by a fixed one


pdfTeX warning (dest): name{section*.261} has been referenced but does not exis
t, replaced by a fixed one


pdfTeX warning (dest): name{section*.257} has been referenced but does not exis
t, replaced by a fixed one


pdfTeX warning (dest): name{section*.256} has been referenced but does not exis
t, replaced by a fixed one


pdfTeX warning (dest): name{section*.255} has been referenced but does not exis
t, replaced by a fixed one


pdfTeX warning (dest): name{section*.248} has been referenced but does not exis
t, replaced by a fixed one


pdfTeX warning (dest): name{section*.246} has been referenced but does not exis
t, replaced by a fixed one


pdfTeX warning (dest): name{section*.239} has been referenced but does not exis
t, replaced by a fixed one


pdfTeX warning (dest): name{section*.234} has been referenced but does not exis
t, replaced by a fixed one


pdfTeX warning (dest): name{section*.233} has been referenced but does not exis
t, replaced by a fixed one


pdfTeX warning (dest): name{section*.230} has been referenced but does not exis
t, replaced by a fixed one


pdfTeX warning (dest): name{section*.229} has been referenced but does not exis
t, replaced by a fixed one


pdfTeX warning (dest): name{section*.228} has been referenced but does not exis
t, replaced by a fixed one


pdfTeX warning (dest): name{section*.227} has been referenced but does not exis
t, replaced by a fixed one


pdfTeX warning (dest): name{section*.225} has been referenced but does not exis
t, replaced by a fixed one


pdfTeX warning (dest): name{Hfootnote.124} has been referenced but does not exi
st, replaced by a fixed one


pdfTeX warning (dest): name{Hfootnote.123} has been referenced but does not exi
st, replaced by a fixed one


pdfTeX warning (dest): name{Hfootnote.122} has been referenced but does not exi
st, replaced by a fixed one


pdfTeX warning (dest): name{Hfootnote.121} has been referenced but does not exi
st, replaced by a fixed one


pdfTeX warning (dest): name{Hfootnote.120} has been referenced but does not exi
st, replaced by a fixed one


pdfTeX warning (dest): name{Hfootnote.119} has been referenced but does not exi
st, replaced by a fixed one


pdfTeX warning (dest): name{Hfootnote.118} has been referenced but does not exi
st, replaced by a fixed one


pdfTeX warning (dest): name{Hfootnote.117} has been referenced but does not exi
st, replaced by a fixed one


pdfTeX warning (dest): name{Hfootnote.116} has been referenced but does not exi
st, replaced by a fixed one


pdfTeX warning (dest): name{Hfootnote.115} has been referenced but does not exi
st, replaced by a fixed one


pdfTeX warning (dest): name{Hfootnote.114} has been referenced but does not exi
st, replaced by a fixed one


pdfTeX warning (dest): name{Hfootnote.113} has been referenced but does not exi
st, replaced by a fixed one


pdfTeX warning (dest): name{Hfootnote.112} has been referenced but does not exi
st, replaced by a fixed one


pdfTeX warning (dest): name{Hfootnote.111} has been referenced but does not exi
st, replaced by a fixed one


pdfTeX warning (dest): name{Hfootnote.110} has been referenced but does not exi
st, replaced by a fixed one


pdfTeX warning (dest): name{lstnumber.-1101.2} has been referenced but does not
 exist, replaced by a fixed one


pdfTeX warning (dest): name{Hfootnote.109} has been referenced but does not exi
st, replaced by a fixed one


pdfTeX warning (dest): name{Hfootnote.108} has been referenced but does not exi
st, replaced by a fixed one


pdfTeX warning (dest): name{Hfootnote.107} has been referenced but does not exi
st, replaced by a fixed one


pdfTeX warning (dest): name{Hfootnote.106} has been referenced but does not exi
st, replaced by a fixed one


pdfTeX warning (dest): name{Hfootnote.105} has been referenced but does not exi
st, replaced by a fixed one


pdfTeX warning (dest): name{Hfootnote.104} has been referenced but does not exi
st, replaced by a fixed one


pdfTeX warning (dest): name{Hfootnote.103} has been referenced but does not exi
st, replaced by a fixed one


pdfTeX warning (dest): name{Hfootnote.102} has been referenced but does not exi
st, replaced by a fixed one


pdfTeX warning (dest): name{Hfootnote.101} has been referenced but does not exi
st, replaced by a fixed one


pdfTeX warning (dest): name{Hfootnote.100} has been referenced but does not exi
st, replaced by a fixed one


pdfTeX warning (dest): name{Hfootnote.99} has been referenced but does not exis
t, replaced by a fixed one


pdfTeX warning (dest): name{Hfootnote.98} has been referenced but does not exis
t, replaced by a fixed one


pdfTeX warning (dest): name{Hfootnote.97} has been referenced but does not exis
t, replaced by a fixed one


pdfTeX warning (dest): name{Hfootnote.96} has been referenced but does not exis
t, replaced by a fixed one


pdfTeX warning (dest): name{Hfootnote.95} has been referenced but does not exis
t, replaced by a fixed one


pdfTeX warning (dest): name{Hfootnote.94} has been referenced but does not exis
t, replaced by a fixed one


pdfTeX warning (dest): name{Hfootnote.93} has been referenced but does not exis
t, replaced by a fixed one


pdfTeX warning (dest): name{Hfootnote.92} has been referenced but does not exis
t, replaced by a fixed one


pdfTeX warning (dest): name{Hfootnote.91} has been referenced but does not exis
t, replaced by a fixed one


pdfTeX warning (dest): name{Hfootnote.90} has been referenced but does not exis
t, replaced by a fixed one


pdfTeX warning (dest): name{Hfootnote.89} has been referenced but does not exis
t, replaced by a fixed one


pdfTeX warning (dest): name{Hfootnote.88} has been referenced but does not exis
t, replaced by a fixed one


pdfTeX warning (dest): name{Hfootnote.87} has been referenced but does not exis
t, replaced by a fixed one


pdfTeX warning (dest): name{Hfootnote.86} has been referenced but does not exis
t, replaced by a fixed one


pdfTeX warning (dest): name{Hfootnote.85} has been referenced but does not exis
t, replaced by a fixed one


pdfTeX warning (dest): name{Hfootnote.84} has been referenced but does not exis
t, replaced by a fixed one


pdfTeX warning (dest): name{Hfootnote.83} has been referenced but does not exis
t, replaced by a fixed one


pdfTeX warning (dest): name{Hfootnote.82} has been referenced but does not exis
t, replaced by a fixed one


pdfTeX warning (dest): name{Hfootnote.81} has been referenced but does not exis
t, replaced by a fixed one


pdfTeX warning (dest): name{Hfootnote.80} has been referenced but does not exis
t, replaced by a fixed one


pdfTeX warning (dest): name{Hfootnote.79} has been referenced but does not exis
t, replaced by a fixed one


pdfTeX warning (dest): name{Hfootnote.78} has been referenced but does not exis
t, replaced by a fixed one


pdfTeX warning (dest): name{Hfootnote.77} has been referenced but does not exis
t, replaced by a fixed one


pdfTeX warning (dest): name{Hfootnote.76} has been referenced but does not exis
t, replaced by a fixed one


pdfTeX warning (dest): name{Hfootnote.75} has been referenced but does not exis
t, replaced by a fixed one


pdfTeX warning (dest): name{Hfootnote.74} has been referenced but does not exis
t, replaced by a fixed one


pdfTeX warning (dest): name{Hfootnote.73} has been referenced but does not exis
t, replaced by a fixed one


pdfTeX warning (dest): name{Hfootnote.72} has been referenced but does not exis
t, replaced by a fixed one


pdfTeX warning (dest): name{Hfootnote.71} has been referenced but does not exis
t, replaced by a fixed one


pdfTeX warning (dest): name{Hfootnote.70} has been referenced but does not exis
t, replaced by a fixed one


pdfTeX warning (dest): name{Hfootnote.69} has been referenced but does not exis
t, replaced by a fixed one


pdfTeX warning (dest): name{Hfootnote.68} has been referenced but does not exis
t, replaced by a fixed one


pdfTeX warning (dest): name{Hfootnote.67} has been referenced but does not exis
t, replaced by a fixed one


pdfTeX warning (dest): name{Hfootnote.66} has been referenced but does not exis
t, replaced by a fixed one


pdfTeX warning (dest): name{Hfootnote.65} has been referenced but does not exis
t, replaced by a fixed one


pdfTeX warning (dest): name{Hfootnote.64} has been referenced but does not exis
t, replaced by a fixed one


pdfTeX warning (dest): name{Hfootnote.63} has been referenced but does not exis
t, replaced by a fixed one


pdfTeX warning (dest): name{Hfootnote.62} has been referenced but does not exis
t, replaced by a fixed one


pdfTeX warning (dest): name{Hfootnote.61} has been referenced but does not exis
t, replaced by a fixed one


pdfTeX warning (dest): name{Hfootnote.60} has been referenced but does not exis
t, replaced by a fixed one


pdfTeX warning (dest): name{Hfootnote.59} has been referenced but does not exis
t, replaced by a fixed one


pdfTeX warning (dest): name{Hfootnote.58} has been referenced but does not exis
t, replaced by a fixed one


pdfTeX warning (dest): name{Hfootnote.57} has been referenced but does not exis
t, replaced by a fixed one


pdfTeX warning (dest): name{section*.425} has been referenced but does not exis
t, replaced by a fixed one


pdfTeX warning (dest): name{Hfootnote.56} has been referenced but does not exis
t, replaced by a fixed one


pdfTeX warning (dest): name{Hfootnote.55} has been referenced but does not exis
t, replaced by a fixed one


pdfTeX warning (dest): name{Hfootnote.54} has been referenced but does not exis
t, replaced by a fixed one


pdfTeX warning (dest): name{Hfootnote.53} has been referenced but does not exis
t, replaced by a fixed one


pdfTeX warning (dest): name{Hfootnote.52} has been referenced but does not exis
t, replaced by a fixed one


pdfTeX warning (dest): name{Hfootnote.51} has been referenced but does not exis
t, replaced by a fixed one


pdfTeX warning (dest): name{Hfootnote.50} has been referenced but does not exis
t, replaced by a fixed one


pdfTeX warning (dest): name{Hfootnote.49} has been referenced but does not exis
t, replaced by a fixed one


pdfTeX warning (dest): name{Hfootnote.48} has been referenced but does not exis
t, replaced by a fixed one


pdfTeX warning (dest): name{Hfootnote.47} has been referenced but does not exis
t, replaced by a fixed one


pdfTeX warning (dest): name{Hfootnote.46} has been referenced but does not exis
t, replaced by a fixed one


pdfTeX warning (dest): name{Hfootnote.45} has been referenced but does not exis
t, replaced by a fixed one


pdfTeX warning (dest): name{Hfootnote.44} has been referenced but does not exis
t, replaced by a fixed one


pdfTeX warning (dest): name{Hfootnote.43} has been referenced but does not exis
t, replaced by a fixed one


pdfTeX warning (dest): name{Hfootnote.42} has been referenced but does not exis
t, replaced by a fixed one


pdfTeX warning (dest): name{Hfootnote.41} has been referenced but does not exis
t, replaced by a fixed one


pdfTeX warning (dest): name{Hfootnote.40} has been referenced but does not exis
t, replaced by a fixed one


pdfTeX warning (dest): name{Hfootnote.39} has been referenced but does not exis
t, replaced by a fixed one


pdfTeX warning (dest): name{Hfootnote.38} has been referenced but does not exis
t, replaced by a fixed one


pdfTeX warning (dest): name{Hfootnote.37} has been referenced but does not exis
t, replaced by a fixed one


pdfTeX warning (dest): name{Hfootnote.36} has been referenced but does not exis
t, replaced by a fixed one


pdfTeX warning (dest): name{Hfootnote.35} has been referenced but does not exis
t, replaced by a fixed one


pdfTeX warning (dest): name{lstnumber.-806.11} has been referenced but does not
 exist, replaced by a fixed one


pdfTeX warning (dest): name{Hfootnote.34} has been referenced but does not exis
t, replaced by a fixed one


pdfTeX warning (dest): name{Hfootnote.33} has been referenced but does not exis
t, replaced by a fixed one


pdfTeX warning (dest): name{Hfootnote.32} has been referenced but does not exis
t, replaced by a fixed one


pdfTeX warning (dest): name{Hfootnote.31} has been referenced but does not exis
t, replaced by a fixed one


pdfTeX warning (dest): name{section*.406} has been referenced but does not exis
t, replaced by a fixed one


pdfTeX warning (dest): name{Hfootnote.30} has been referenced but does not exis
t, replaced by a fixed one


pdfTeX warning (dest): name{Hfootnote.29} has been referenced but does not exis
t, replaced by a fixed one


pdfTeX warning (dest): name{Hfootnote.28} has been referenced but does not exis
t, replaced by a fixed one


pdfTeX warning (dest): name{Hfootnote.27} has been referenced but does not exis
t, replaced by a fixed one


pdfTeX warning (dest): name{Hfootnote.26} has been referenced but does not exis
t, replaced by a fixed one


pdfTeX warning (dest): name{Hfootnote.25} has been referenced but does not exis
t, replaced by a fixed one


pdfTeX warning (dest): name{Hfootnote.24} has been referenced but does not exis
t, replaced by a fixed one


pdfTeX warning (dest): name{Hfootnote.23} has been referenced but does not exis
t, replaced by a fixed one


pdfTeX warning (dest): name{Hfootnote.22} has been referenced but does not exis
t, replaced by a fixed one


pdfTeX warning (dest): name{Hfootnote.21} has been referenced but does not exis
t, replaced by a fixed one


pdfTeX warning (dest): name{Hfootnote.20} has been referenced but does not exis
t, replaced by a fixed one


pdfTeX warning (dest): name{Hfootnote.19} has been referenced but does not exis
t, replaced by a fixed one


pdfTeX warning (dest): name{Hfootnote.18} has been referenced but does not exis
t, replaced by a fixed one


pdfTeX warning (dest): name{Hfootnote.17} has been referenced but does not exis
t, replaced by a fixed one


pdfTeX warning (dest): name{Hfootnote.16} has been referenced but does not exis
t, replaced by a fixed one


pdfTeX warning (dest): name{Hfootnote.15} has been referenced but does not exis
t, replaced by a fixed one


pdfTeX warning (dest): name{section*.408} has been referenced but does not exis
t, replaced by a fixed one


pdfTeX warning (dest): name{Hfootnote.14} has been referenced but does not exis
t, replaced by a fixed one


pdfTeX warning (dest): name{Hfootnote.13} has been referenced but does not exis
t, replaced by a fixed one


pdfTeX warning (dest): name{Hfootnote.12} has been referenced but does not exis
t, replaced by a fixed one


pdfTeX warning (dest): name{Hfootnote.11} has been referenced but does not exis
t, replaced by a fixed one


pdfTeX warning (dest): name{Hfootnote.10} has been referenced but does not exis
t, replaced by a fixed one


pdfTeX warning (dest): name{Hfootnote.9} has been referenced but does not exist
, replaced by a fixed one


pdfTeX warning (dest): name{Hfootnote.8} has been referenced but does not exist
, replaced by a fixed one


pdfTeX warning (dest): name{Hfootnote.7} has been referenced but does not exist
, replaced by a fixed one


pdfTeX warning (dest): name{Hfootnote.6} has been referenced but does not exist
, replaced by a fixed one


pdfTeX warning (dest): name{Hfootnote.5} has been referenced but does not exist
, replaced by a fixed one


pdfTeX warning (dest): name{Hfootnote.4} has been referenced but does not exist
, replaced by a fixed one


pdfTeX warning (dest): name{Hfootnote.3} has been referenced but does not exist
, replaced by a fixed one


pdfTeX warning (dest): name{Hfootnote.2} has been referenced but does not exist
, replaced by a fixed one


pdfTeX warning (dest): name{Hfootnote.1} has been referenced but does not exist
, replaced by a fixed one


pdfTeX warning (dest): name{subsection.5.5.7} has been referenced but does not 
exist, replaced by a fixed one


pdfTeX warning (dest): name{subsection.5.5.6} has been referenced but does not 
exist, replaced by a fixed one


pdfTeX warning (dest): name{subsection.5.5.5} has been referenced but does not 
exist, replaced by a fixed one


pdfTeX warning (dest): name{subsection.5.5.4} has been referenced but does not 
exist, replaced by a fixed one


pdfTeX warning (dest): name{subsection.5.5.3} has been referenced but does not 
exist, replaced by a fixed one


pdfTeX warning (dest): name{subsection.5.5.2} has been referenced but does not 
exist, replaced by a fixed one


pdfTeX warning (dest): name{subsection.5.5.1} has been referenced but does not 
exist, replaced by a fixed one


pdfTeX warning (dest): name{section.5.5} has been referenced but does not exist
, replaced by a fixed one


pdfTeX warning (dest): name{subsection.5.4.4} has been referenced but does not 
exist, replaced by a fixed one


pdfTeX warning (dest): name{subsection.5.4.3} has been referenced but does not 
exist, replaced by a fixed one


pdfTeX warning (dest): name{subsection.5.4.2} has been referenced but does not 
exist, replaced by a fixed one


pdfTeX warning (dest): name{subsection.5.4.1} has been referenced but does not 
exist, replaced by a fixed one


pdfTeX warning (dest): name{section.5.4} has been referenced but does not exist
, replaced by a fixed one


pdfTeX warning (dest): name{subsection.5.3.2} has been referenced but does not 
exist, replaced by a fixed one


pdfTeX warning (dest): name{subsection.5.3.1} has been referenced but does not 
exist, replaced by a fixed one


pdfTeX warning (dest): name{section.5.3} has been referenced but does not exist
, replaced by a fixed one


pdfTeX warning (dest): name{subsection.5.2.4} has been referenced but does not 
exist, replaced by a fixed one


pdfTeX warning (dest): name{subsection.5.2.3} has been referenced but does not 
exist, replaced by a fixed one


pdfTeX warning (dest): name{subsection.5.2.2} has been referenced but does not 
exist, replaced by a fixed one


pdfTeX warning (dest): name{subsection.5.2.1} has been referenced but does not 
exist, replaced by a fixed one


pdfTeX warning (dest): name{section.5.2} has been referenced but does not exist
, replaced by a fixed one


pdfTeX warning (dest): name{subsection.5.1.5} has been referenced but does not 
exist, replaced by a fixed one


pdfTeX warning (dest): name{subsection.5.1.4} has been referenced but does not 
exist, replaced by a fixed one


pdfTeX warning (dest): name{subsection.5.1.3} has been referenced but does not 
exist, replaced by a fixed one


pdfTeX warning (dest): name{subsection.5.1.2} has been referenced but does not 
exist, replaced by a fixed one


pdfTeX warning (dest): name{subsection.5.1.1} has been referenced but does not 
exist, replaced by a fixed one


pdfTeX warning (dest): name{section.5.1} has been referenced but does not exist
, replaced by a fixed one


pdfTeX warning (dest): name{chapter.5} has been referenced but does not exist, 
replaced by a fixed one


pdfTeX warning (dest): name{subsection.4.4.4} has been referenced but does not 
exist, replaced by a fixed one


pdfTeX warning (dest): name{subsection.4.4.3} has been referenced but does not 
exist, replaced by a fixed one


pdfTeX warning (dest): name{subsection.4.4.2} has been referenced but does not 
exist, replaced by a fixed one


pdfTeX warning (dest): name{subsection.4.4.1} has been referenced but does not 
exist, replaced by a fixed one


pdfTeX warning (dest): name{section.4.4} has been referenced but does not exist
, replaced by a fixed one


pdfTeX warning (dest): name{subsection.4.3.3} has been referenced but does not 
exist, replaced by a fixed one


pdfTeX warning (dest): name{subsection.4.3.2} has been referenced but does not 
exist, replaced by a fixed one


pdfTeX warning (dest): name{subsection.4.3.1} has been referenced but does not 
exist, replaced by a fixed one


pdfTeX warning (dest): name{section.4.3} has been referenced but does not exist
, replaced by a fixed one


pdfTeX warning (dest): name{subsection.4.2.3} has been referenced but does not 
exist, replaced by a fixed one


pdfTeX warning (dest): name{subsection.4.2.2} has been referenced but does not 
exist, replaced by a fixed one


pdfTeX warning (dest): name{subsection.4.2.1} has been referenced but does not 
exist, replaced by a fixed one


pdfTeX warning (dest): name{section.4.2} has been referenced but does not exist
, replaced by a fixed one


pdfTeX warning (dest): name{subsection.4.1.7} has been referenced but does not 
exist, replaced by a fixed one


pdfTeX warning (dest): name{subsection.4.1.6} has been referenced but does not 
exist, replaced by a fixed one


pdfTeX warning (dest): name{subsection.4.1.5} has been referenced but does not 
exist, replaced by a fixed one


pdfTeX warning (dest): name{subsection.4.1.4} has been referenced but does not 
exist, replaced by a fixed one


pdfTeX warning (dest): name{subsection.4.1.3} has been referenced but does not 
exist, replaced by a fixed one


pdfTeX warning (dest): name{subsection.4.1.2} has been referenced but does not 
exist, replaced by a fixed one


pdfTeX warning (dest): name{subsection.4.1.1} has been referenced but does not 
exist, replaced by a fixed one


pdfTeX warning (dest): name{section.4.1} has been referenced but does not exist
, replaced by a fixed one


pdfTeX warning (dest): name{chapter.4} has been referenced but does not exist, 
replaced by a fixed one


pdfTeX warning (dest): name{subsection.3.5.5} has been referenced but does not 
exist, replaced by a fixed one


pdfTeX warning (dest): name{subsection.3.5.4} has been referenced but does not 
exist, replaced by a fixed one


pdfTeX warning (dest): name{subsection.3.5.3} has been referenced but does not 
exist, replaced by a fixed one


pdfTeX warning (dest): name{subsection.3.5.2} has been referenced but does not 
exist, replaced by a fixed one


pdfTeX warning (dest): name{subsection.3.5.1} has been referenced but does not 
exist, replaced by a fixed one


pdfTeX warning (dest): name{section.3.5} has been referenced but does not exist
, replaced by a fixed one


pdfTeX warning (dest): name{subsection.3.4.2} has been referenced but does not 
exist, replaced by a fixed one


pdfTeX warning (dest): name{subsection.3.4.1} has been referenced but does not 
exist, replaced by a fixed one


pdfTeX warning (dest): name{section.3.4} has been referenced but does not exist
, replaced by a fixed one


pdfTeX warning (dest): name{subsection.3.3.5} has been referenced but does not 
exist, replaced by a fixed one


pdfTeX warning (dest): name{subsection.3.3.4} has been referenced but does not 
exist, replaced by a fixed one


pdfTeX warning (dest): name{subsection.3.3.3} has been referenced but does not 
exist, replaced by a fixed one


pdfTeX warning (dest): name{subsection.3.3.2} has been referenced but does not 
exist, replaced by a fixed one


pdfTeX warning (dest): name{subsection.3.3.1} has been referenced but does not 
exist, replaced by a fixed one


pdfTeX warning (dest): name{section.3.3} has been referenced but does not exist
, replaced by a fixed one


pdfTeX warning (dest): name{subsection.3.2.5} has been referenced but does not 
exist, replaced by a fixed one


pdfTeX warning (dest): name{subsection.3.2.4} has been referenced but does not 
exist, replaced by a fixed one


pdfTeX warning (dest): name{subsection.3.2.3} has been referenced but does not 
exist, replaced by a fixed one


pdfTeX warning (dest): name{subsection.3.2.2} has been referenced but does not 
exist, replaced by a fixed one


pdfTeX warning (dest): name{subsection.3.2.1} has been referenced but does not 
exist, replaced by a fixed one


pdfTeX warning (dest): name{section.3.2} has been referenced but does not exist
, replaced by a fixed one


pdfTeX warning (dest): name{subsection.3.1.3} has been referenced but does not 
exist, replaced by a fixed one


pdfTeX warning (dest): name{subsection.3.1.2} has been referenced but does not 
exist, replaced by a fixed one


pdfTeX warning (dest): name{subsection.3.1.1} has been referenced but does not 
exist, replaced by a fixed one


pdfTeX warning (dest): name{section.3.1} has been referenced but does not exist
, replaced by a fixed one


pdfTeX warning (dest): name{chapter.3} has been referenced but does not exist, 
replaced by a fixed one

</usr/share/texlive/texmf-dist/fonts/type1/public/amsfonts/cm/cmex10.pfb></usr/
share/texlive/texmf-dist/fonts/type1/public/amsfonts/cm/cmmi10.pfb></usr/share/
texlive/texmf-dist/fonts/type1/public/amsfonts/cm/cmsy10.pfb></usr/share/texmf/
fonts/type1/public/lm/lmtk10.pfb></usr/share/texmf/fonts/type1/public/lm/lmtt10
.pfb></usr/share/texmf/fonts/type1/public/lm/lmtt8.pfb></usr/share/texmf/fonts/
type1/public/lm/lmtt9.pfb></usr/share/texmf/fonts/type1/public/lm/lmtti10.pfb><
/usr/share/texmf/fonts/type1/public/lm/lmtto10.pfb></usr/share/texlive/texmf-di
st/fonts/type1/urw/helvetic/uhvr8a.pfb></usr/share/texlive/texmf-dist/fonts/typ
e1/urw/symbol/usyr.pfb></usr/share/texlive/texmf-dist/fonts/type1/urw/symbol/us
yr.pfb></usr/share/texlive/texmf-dist/fonts/type1/urw/times/utmb8a.pfb></usr/sh
are/texlive/texmf-dist/fonts/type1/urw/times/utmr8a.pfb></usr/share/texlive/tex
mf-dist/fonts/type1/urw/times/utmri8a.pfb>
Output written on sicpy.pdf (229 pages, 1356776 bytes).
PDF statistics:
 6421 PDF objects out of 7423 (max. 8388607)
 6043 compressed objects within 61 object streams
 3561 named destinations out of 3580 (max. 500000)
 350799 words of extra memory for PDF output out of 383344 (max. 10000000)

